AppToolkitTaskExecutor,android.arch.core.executor.AppToolkitTaskExecutor,androidx.arch.core.executor.AppToolkitTaskExecutor,,,android.arch.core.executor,androidx.arch.core.executor,,
JunitTaskExecutorRule,android.arch.core.executor.JunitTaskExecutorRule,androidx.arch.core.executor.JunitTaskExecutorRule,,,android.arch.core.executor,androidx.arch.core.executor,,
TaskExecutorWithFakeMainThread,android.arch.core.executor.TaskExecutorWithFakeMainThread,androidx.arch.core.executor.TaskExecutorWithFakeMainThread,,,android.arch.core.executor,androidx.arch.core.executor,,
CountingTaskExecutorRule,android.arch.core.executor.testing.CountingTaskExecutorRule,androidx.arch.core.executor.testing.CountingTaskExecutorRule,,,android.arch.core.executor.testing,androidx.arch.core.executor.testing,,
InstantTaskExecutorRule,android.arch.core.executor.testing.InstantTaskExecutorRule,androidx.arch.core.executor.testing.InstantTaskExecutorRule,,,android.arch.core.executor.testing,androidx.arch.core.executor.testing,,
Function,android.arch.core.util.Function,androidx.arch.core.util.Function,,,android.arch.core.util,androidx.arch.core.util,,
ClassesInfoCache,android.arch.lifecycle.ClassesInfoCache,androidx.lifecycle.ClassesInfoCache,,,android.arch.lifecycle,androidx.lifecycle,,
DefaultLifecycleObserver,android.arch.lifecycle.DefaultLifecycleObserver,androidx.lifecycle.DefaultLifecycleObserver,,,android.arch.lifecycle,androidx.lifecycle,,
Elements_extKt,android.arch.lifecycle.Elements_extKt,androidx.lifecycle.Elements_extKt,,,android.arch.lifecycle,androidx.lifecycle,,
ErrorMessages,android.arch.lifecycle.ErrorMessages,androidx.lifecycle.ErrorMessages,,,android.arch.lifecycle,androidx.lifecycle,,
FullLifecycleObserver,android.arch.lifecycle.FullLifecycleObserver,androidx.lifecycle.FullLifecycleObserver,,,android.arch.lifecycle,androidx.lifecycle,,
FullLifecycleObserverAdapter,android.arch.lifecycle.FullLifecycleObserverAdapter,androidx.lifecycle.FullLifecycleObserverAdapter,,,android.arch.lifecycle,androidx.lifecycle,,
GeneratedAdapter,android.arch.lifecycle.GeneratedAdapter,androidx.lifecycle.GeneratedAdapter,,,android.arch.lifecycle,androidx.lifecycle,,
GenericLifecycleObserver,android.arch.lifecycle.GenericLifecycleObserver,androidx.lifecycle.GenericLifecycleObserver,,,android.arch.lifecycle,androidx.lifecycle,,
Input_collectorKt,android.arch.lifecycle.Input_collectorKt,androidx.lifecycle.Input_collectorKt,,,android.arch.lifecycle,androidx.lifecycle,,
LifecycleDispatcher,android.arch.lifecycle.LifecycleDispatcher,androidx.lifecycle.LifecycleDispatcher,,,android.arch.lifecycle,androidx.lifecycle,,
LifecycleObserver,android.arch.lifecycle.LifecycleObserver,androidx.lifecycle.LifecycleObserver,,,android.arch.lifecycle,androidx.lifecycle,,
LifecycleOwner,android.arch.lifecycle.LifecycleOwner,androidx.lifecycle.LifecycleOwner,,,android.arch.lifecycle,androidx.lifecycle,,
LifecycleProcessor,android.arch.lifecycle.LifecycleProcessor,androidx.lifecycle.LifecycleProcessor,,,android.arch.lifecycle,androidx.lifecycle,,
LifecycleRegistryOwner,android.arch.lifecycle.LifecycleRegistryOwner,androidx.lifecycle.LifecycleRegistryOwner,,,android.arch.lifecycle,androidx.lifecycle,,
LiveDataReactiveStreams,android.arch.lifecycle.LiveDataReactiveStreams,androidx.lifecycle.LiveDataReactiveStreams,,,android.arch.lifecycle,androidx.lifecycle,,
AdapterClass,android.arch.lifecycle.model.AdapterClass,androidx.lifecycle.model.AdapterClass,,,android.arch.lifecycle.model,androidx.lifecycle.model,,
AdapterClassKt,android.arch.lifecycle.model.AdapterClassKt,androidx.lifecycle.model.AdapterClassKt,,,android.arch.lifecycle.model,androidx.lifecycle.model,,
EventMethod,android.arch.lifecycle.model.EventMethod,androidx.lifecycle.model.EventMethod,,,android.arch.lifecycle.model,androidx.lifecycle.model,,
EventMethodCall,android.arch.lifecycle.model.EventMethodCall,androidx.lifecycle.model.EventMethodCall,,,android.arch.lifecycle.model,androidx.lifecycle.model,,
InputModel,android.arch.lifecycle.model.InputModel,androidx.lifecycle.model.InputModel,,,android.arch.lifecycle.model,androidx.lifecycle.model,,
LifecycleObserverInfo,android.arch.lifecycle.model.LifecycleObserverInfo,androidx.lifecycle.model.LifecycleObserverInfo,,,android.arch.lifecycle.model,androidx.lifecycle.model,,
Observer,android.arch.lifecycle.Observer,androidx.lifecycle.Observer,,,android.arch.lifecycle,androidx.lifecycle,,
ObserversCollector,android.arch.lifecycle.ObserversCollector,androidx.lifecycle.ObserversCollector,,,android.arch.lifecycle,androidx.lifecycle,,
OnLifecycleEvent,android.arch.lifecycle.OnLifecycleEvent,androidx.lifecycle.OnLifecycleEvent,,,android.arch.lifecycle,androidx.lifecycle,,
ReflectiveGenericLifecycleObserver,android.arch.lifecycle.ReflectiveGenericLifecycleObserver,androidx.lifecycle.ReflectiveGenericLifecycleObserver,,,android.arch.lifecycle,androidx.lifecycle,,
TransformationKt,android.arch.lifecycle.TransformationKt,androidx.lifecycle.TransformationKt,,,android.arch.lifecycle,androidx.lifecycle,,
Validator,android.arch.lifecycle.Validator,androidx.lifecycle.Validator,,,android.arch.lifecycle,androidx.lifecycle,,
ViewModelStoreOwner,android.arch.lifecycle.ViewModelStoreOwner,androidx.lifecycle.ViewModelStoreOwner,,,android.arch.lifecycle,androidx.lifecycle,,
WriterKt,android.arch.lifecycle.WriterKt,androidx.lifecycle.WriterKt,,,android.arch.lifecycle,androidx.lifecycle,,
AnimationHandler,android.support.animation.AnimationHandler,androidx.dynamicanimation.animation.AnimationHandler,,,android.support.animation,androidx.dynamicanimation.animation,,
Force,android.support.animation.Force,androidx.dynamicanimation.animation.Force,,,android.support.animation,androidx.dynamicanimation.animation,,
AnimatorRes,android.support.annotation.AnimatorRes,androidx.annotation.AnimatorRes,,,android.support.annotation,androidx.annotation,,
AnimRes,android.support.annotation.AnimRes,androidx.annotation.AnimRes,,,android.support.annotation,androidx.annotation,,
AnyRes,android.support.annotation.AnyRes,androidx.annotation.AnyRes,,,android.support.annotation,androidx.annotation,,
AnyThread,android.support.annotation.AnyThread,androidx.annotation.AnyThread,,,android.support.annotation,androidx.annotation,,
ArrayRes,android.support.annotation.ArrayRes,androidx.annotation.ArrayRes,,,android.support.annotation,androidx.annotation,,
AttrRes,android.support.annotation.AttrRes,androidx.annotation.AttrRes,,,android.support.annotation,androidx.annotation,,
BinderThread,android.support.annotation.BinderThread,androidx.annotation.BinderThread,,,android.support.annotation,androidx.annotation,,
BoolRes,android.support.annotation.BoolRes,androidx.annotation.BoolRes,,,android.support.annotation,androidx.annotation,,
CallSuper,android.support.annotation.CallSuper,androidx.annotation.CallSuper,,,android.support.annotation,androidx.annotation,,
CheckResult,android.support.annotation.CheckResult,androidx.annotation.CheckResult,,,android.support.annotation,androidx.annotation,,
ColorInt,android.support.annotation.ColorInt,androidx.annotation.ColorInt,,,android.support.annotation,androidx.annotation,,
ColorLong,android.support.annotation.ColorLong,androidx.annotation.ColorLong,,,android.support.annotation,androidx.annotation,,
ColorRes,android.support.annotation.ColorRes,androidx.annotation.ColorRes,,,android.support.annotation,androidx.annotation,,
DimenRes,android.support.annotation.DimenRes,androidx.annotation.DimenRes,,,android.support.annotation,androidx.annotation,,
DrawableRes,android.support.annotation.DrawableRes,androidx.annotation.DrawableRes,,,android.support.annotation,androidx.annotation,,
FloatRange,android.support.annotation.FloatRange,androidx.annotation.FloatRange,,,android.support.annotation,androidx.annotation,,
FontRes,android.support.annotation.FontRes,androidx.annotation.FontRes,,,android.support.annotation,androidx.annotation,,
FractionRes,android.support.annotation.FractionRes,androidx.annotation.FractionRes,,,android.support.annotation,androidx.annotation,,
GuardedBy,android.support.annotation.GuardedBy,androidx.annotation.GuardedBy,,,android.support.annotation,androidx.annotation,,
HalfFloat,android.support.annotation.HalfFloat,androidx.annotation.HalfFloat,,,android.support.annotation,androidx.annotation,,
IdRes,android.support.annotation.IdRes,androidx.annotation.IdRes,,,android.support.annotation,androidx.annotation,,
IntDef,android.support.annotation.IntDef,androidx.annotation.IntDef,,,android.support.annotation,androidx.annotation,,
IntegerRes,android.support.annotation.IntegerRes,androidx.annotation.IntegerRes,,,android.support.annotation,androidx.annotation,,
InterpolatorRes,android.support.annotation.InterpolatorRes,androidx.annotation.InterpolatorRes,,,android.support.annotation,androidx.annotation,,
IntRange,android.support.annotation.IntRange,androidx.annotation.IntRange,,,android.support.annotation,androidx.annotation,,
Keep,android.support.annotation.Keep,androidx.annotation.Keep,,,android.support.annotation,androidx.annotation,,
LayoutRes,android.support.annotation.LayoutRes,androidx.annotation.LayoutRes,,,android.support.annotation,androidx.annotation,,
LongDef,android.support.annotation.LongDef,androidx.annotation.LongDef,,,android.support.annotation,androidx.annotation,,
MainThread,android.support.annotation.MainThread,androidx.annotation.MainThread,,,android.support.annotation,androidx.annotation,,
MenuRes,android.support.annotation.MenuRes,androidx.annotation.MenuRes,,,android.support.annotation,androidx.annotation,,
NavigationRes,android.support.annotation.NavigationRes,androidx.annotation.NavigationRes,,,android.support.annotation,androidx.annotation,,
NonNull,android.support.annotation.NonNull,androidx.annotation.NonNull,,,android.support.annotation,androidx.annotation,,
Nullable,android.support.annotation.Nullable,androidx.annotation.Nullable,,,android.support.annotation,androidx.annotation,,
PluralsRes,android.support.annotation.PluralsRes,androidx.annotation.PluralsRes,,,android.support.annotation,androidx.annotation,,
Px,android.support.annotation.Px,androidx.annotation.Px,,,android.support.annotation,androidx.annotation,,
RawRes,android.support.annotation.RawRes,androidx.annotation.RawRes,,,android.support.annotation,androidx.annotation,,
RequiresApi,android.support.annotation.RequiresApi,androidx.annotation.RequiresApi,,,android.support.annotation,androidx.annotation,,
RequiresFeature,android.support.annotation.RequiresFeature,androidx.annotation.RequiresFeature,,,android.support.annotation,androidx.annotation,,
RequiresPermission,android.support.annotation.RequiresPermission,androidx.annotation.RequiresPermission,,,android.support.annotation,androidx.annotation,,
RestrictTo,android.support.annotation.RestrictTo,androidx.annotation.RestrictTo,,,android.support.annotation,androidx.annotation,,
Size,android.support.annotation.Size,androidx.annotation.Size,,,android.support.annotation,androidx.annotation,,
StringDef,android.support.annotation.StringDef,androidx.annotation.StringDef,,,android.support.annotation,androidx.annotation,,
StringRes,android.support.annotation.StringRes,androidx.annotation.StringRes,,,android.support.annotation,androidx.annotation,,
StyleableRes,android.support.annotation.StyleableRes,androidx.annotation.StyleableRes,,,android.support.annotation,androidx.annotation,,
StyleRes,android.support.annotation.StyleRes,androidx.annotation.StyleRes,,,android.support.annotation,androidx.annotation,,
TransitionRes,android.support.annotation.TransitionRes,androidx.annotation.TransitionRes,,,android.support.annotation,androidx.annotation,,
UiThread,android.support.annotation.UiThread,androidx.annotation.UiThread,,,android.support.annotation,androidx.annotation,,
WorkerThread,android.support.annotation.WorkerThread,androidx.annotation.WorkerThread,,,android.support.annotation,androidx.annotation,,
XmlRes,android.support.annotation.XmlRes,androidx.annotation.XmlRes,,,android.support.annotation,androidx.annotation,,
R,android.support.compat.R,androidx.core.R,,,android.support.compat,androidx.core,,
R,android.support.constraint.R,androidx.constraintlayout.widget.R,,,android.support.constraint,androidx.constraintlayout.widget,,
Pools,android.support.constraint.solver.Pools,androidx.constraintlayout.solver.Pools,,,android.support.constraint.solver,androidx.constraintlayout.solver,,
Chain,android.support.constraint.solver.widgets.Chain,androidx.constraintlayout.solver.widgets.Chain,,,android.support.constraint.solver.widgets,androidx.constraintlayout.solver.widgets,,
InMemoryCursor,android.support.content.InMemoryCursor,androidx.contentpager.content.InMemoryCursor,,,android.support.content,androidx.contentpager.content,,
R,android.support.coordinatorlayout.R,androidx.coordinatorlayout.R,,,android.support.coordinatorlayout,androidx.coordinatorlayout,,
R,android.support.customtabs.R,androidx.browser.R,,,android.support.customtabs,androidx.browser,,
MaterialButtonBackgroundDrawable,android.support.design.button.MaterialButtonBackgroundDrawable,com.google.android.material.button.MaterialButtonBackgroundDrawable,,,android.support.design.button,com.google.android.material.button,,
MaterialButtonHelper,android.support.design.button.MaterialButtonHelper,com.google.android.material.button.MaterialButtonHelper,,,android.support.design.button,com.google.android.material.button,,
MaterialCardViewHelper,android.support.design.card.MaterialCardViewHelper,com.google.android.material.card.MaterialCardViewHelper,,,android.support.design.card,com.google.android.material.card,,
CircularRevealWidget,android.support.design.circularreveal.CircularRevealWidget,com.google.android.material.circularreveal.CircularRevealWidget,,,android.support.design.circularreveal,com.google.android.material.circularreveal,,
ExpandableTransformationWidget,android.support.design.expandable.ExpandableTransformationWidget,com.google.android.material.expandable.ExpandableTransformationWidget,,,android.support.design.expandable,com.google.android.material.expandable,,
ExpandableWidget,android.support.design.expandable.ExpandableWidget,com.google.android.material.expandable.ExpandableWidget,,,android.support.design.expandable,com.google.android.material.expandable,,
Experimental,android.support.design.internal.Experimental,com.google.android.material.internal.Experimental,,,android.support.design.internal,com.google.android.material.internal,,
NavigationMenuPresenter,android.support.design.internal.NavigationMenuPresenter,com.google.android.material.internal.NavigationMenuPresenter,,,android.support.design.internal,com.google.android.material.internal,,
R,android.support.design.R,com.google.android.material.R,,,android.support.design,com.google.android.material,,
ContentViewCallback,android.support.design.snackbar.ContentViewCallback,com.google.android.material.snackbar.ContentViewCallback,,,android.support.design.snackbar,com.google.android.material.snackbar,,
CircularBorderDrawableLollipop,android.support.design.widget.CircularBorderDrawableLollipop,com.google.android.material.internal.CircularBorderDrawableLollipop,,,android.support.design.widget,com.google.android.material.internal,,
CutoutDrawable,android.support.design.widget.CutoutDrawable,com.google.android.material.textfield.CutoutDrawable,,,android.support.design.widget,com.google.android.material.textfield,,
FloatingActionButtonImpl,android.support.design.widget.FloatingActionButtonImpl,com.google.android.material.floatingactionbutton.FloatingActionButtonImpl,,,android.support.design.widget,com.google.android.material.floatingactionbutton,,
FloatingActionButtonImplLollipop,android.support.design.widget.FloatingActionButtonImplLollipop,com.google.android.material.floatingactionbutton.FloatingActionButtonImplLollipop,,,android.support.design.widget,com.google.android.material.floatingactionbutton,,
IndicatorViewController,android.support.design.widget.IndicatorViewController,com.google.android.material.textfield.IndicatorViewController,,,android.support.design.widget,com.google.android.material.textfield,,
ShadowViewDelegate,android.support.design.widget.ShadowViewDelegate,com.google.android.material.shadow.ShadowViewDelegate,,,android.support.design.widget,com.google.android.material.shadow,,
SnackbarManager,android.support.design.widget.SnackbarManager,com.google.android.material.snackbar.SnackbarManager,,,android.support.design.widget,com.google.android.material.snackbar,,
ViewOffsetHelper,android.support.design.widget.ViewOffsetHelper,com.google.android.material.appbar.ViewOffsetHelper,,,android.support.design.widget,com.google.android.material.appbar,,
ViewUtilsLollipop,android.support.design.widget.ViewUtilsLollipop,com.google.android.material.appbar.ViewUtilsLollipop,,,android.support.design.widget,com.google.android.material.appbar,,
AndroidResources,android.support.graphics.drawable.AndroidResources,androidx.vectordrawable.graphics.drawable.AndroidResources,,,android.support.graphics.drawable,androidx.vectordrawable.graphics.drawable,,
Animatable2Compat,android.support.graphics.drawable.Animatable2Compat,androidx.vectordrawable.graphics.drawable.Animatable2Compat,,,android.support.graphics.drawable,androidx.vectordrawable.graphics.drawable,,
BaseRemoteMediaPlayerConnector,android.support.media2.BaseRemoteMediaPlayerConnector,android.support.media2.BaseRemoteMediaPlayerConnector,,,android.support.media2,android.support.media2,,
DataSourceDesc2,android.support.media2.DataSourceDesc2,android.support.media2.DataSourceDesc2,,,android.support.media2,android.support.media2,,
MediaPlayerConnector,android.support.media2.MediaPlayerConnector,android.support.media2.MediaPlayerConnector,,,android.support.media2,android.support.media2,,
MediaPlaylistAgent,android.support.media2.MediaPlaylistAgent,android.support.media2.MediaPlaylistAgent,,,android.support.media2,android.support.media2,,
MediaSession2,android.support.media2.MediaSession2,android.support.media2.MediaSession2,,,android.support.media2,android.support.media2,,
R,android.support.mediacompat.R,androidx.media.R,,,android.support.mediacompat,androidx.media,,
MultiDex,android.support.multidex.MultiDex,androidx.multidex.MultiDex,,,android.support.multidex,androidx.multidex,,
MultiDexApplication,android.support.multidex.MultiDexApplication,androidx.multidex.MultiDexApplication,,,android.support.multidex,androidx.multidex,,
MultiDexExtractor,android.support.multidex.MultiDexExtractor,androidx.multidex.MultiDexExtractor,,,android.support.multidex,androidx.multidex,,
ZipUtil,android.support.multidex.ZipUtil,androidx.multidex.ZipUtil,,,android.support.multidex,androidx.multidex,,
R,android.support.percent.R,androidx.percentlayout.R,,,android.support.percent,androidx.percentlayout,,
EmojiProcessor,android.support.text.emoji.EmojiProcessor,androidx.emoji.text.EmojiProcessor,,,android.support.text.emoji,androidx.emoji.text,,
MetadataListReader,android.support.text.emoji.MetadataListReader,androidx.emoji.text.MetadataListReader,,,android.support.text.emoji,androidx.emoji.text,,
R,android.support.text.emoji.R,androidx.emoji.R,,,android.support.text.emoji,androidx.emoji,,
EmojiEditableFactory,android.support.text.emoji.widget.EmojiEditableFactory,androidx.emoji.widget.EmojiEditableFactory,,,android.support.text.emoji.widget,androidx.emoji.widget,,
EmojiInputConnection,android.support.text.emoji.widget.EmojiInputConnection,androidx.emoji.widget.EmojiInputConnection,,,android.support.text.emoji.widget,androidx.emoji.widget,,
EmojiInputFilter,android.support.text.emoji.widget.EmojiInputFilter,androidx.emoji.widget.EmojiInputFilter,,,android.support.text.emoji.widget,androidx.emoji.widget,,
EmojiKeyListener,android.support.text.emoji.widget.EmojiKeyListener,androidx.emoji.widget.EmojiKeyListener,,,android.support.text.emoji.widget,androidx.emoji.widget,,
EmojiTextWatcher,android.support.text.emoji.widget.EmojiTextWatcher,androidx.emoji.widget.EmojiTextWatcher,,,android.support.text.emoji.widget,androidx.emoji.widget,,
EmojiTransformationMethod,android.support.text.emoji.widget.EmojiTransformationMethod,androidx.emoji.widget.EmojiTransformationMethod,,,android.support.text.emoji.widget,androidx.emoji.widget,,
AnimatorUtils,android.support.transition.AnimatorUtils,androidx.transition.AnimatorUtils,,,android.support.transition,androidx.transition,,
FloatArrayEvaluator,android.support.transition.FloatArrayEvaluator,androidx.transition.FloatArrayEvaluator,,,android.support.transition,androidx.transition,,
GhostViewApi14,android.support.transition.GhostViewApi14,androidx.transition.GhostViewApi14,,,android.support.transition,androidx.transition,,
GhostViewApi21,android.support.transition.GhostViewApi21,androidx.transition.GhostViewApi21,,,android.support.transition,androidx.transition,,
GhostViewImpl,android.support.transition.GhostViewImpl,androidx.transition.GhostViewImpl,,,android.support.transition,androidx.transition,,
GhostViewUtils,android.support.transition.GhostViewUtils,androidx.transition.GhostViewUtils,,,android.support.transition,androidx.transition,,
ImageViewUtils,android.support.transition.ImageViewUtils,androidx.transition.ImageViewUtils,,,android.support.transition,androidx.transition,,
MatrixUtils,android.support.transition.MatrixUtils,androidx.transition.MatrixUtils,,,android.support.transition,androidx.transition,,
ObjectAnimatorUtils,android.support.transition.ObjectAnimatorUtils,androidx.transition.ObjectAnimatorUtils,,,android.support.transition,androidx.transition,,
PathProperty,android.support.transition.PathProperty,androidx.transition.PathProperty,,,android.support.transition,androidx.transition,,
PropertyValuesHolderUtils,android.support.transition.PropertyValuesHolderUtils,androidx.transition.PropertyValuesHolderUtils,,,android.support.transition,androidx.transition,,
R,android.support.transition.R,androidx.transition.R,,,android.support.transition,androidx.transition,,
RectEvaluator,android.support.transition.RectEvaluator,androidx.transition.RectEvaluator,,,android.support.transition,androidx.transition,,
Styleable,android.support.transition.Styleable,androidx.transition.Styleable,,,android.support.transition,androidx.transition,,
TransitionUtils,android.support.transition.TransitionUtils,androidx.transition.TransitionUtils,,,android.support.transition,androidx.transition,,
TransitionValuesMaps,android.support.transition.TransitionValuesMaps,androidx.transition.TransitionValuesMaps,,,android.support.transition,androidx.transition,,
TranslationAnimationCreator,android.support.transition.TranslationAnimationCreator,androidx.transition.TranslationAnimationCreator,,,android.support.transition,androidx.transition,,
ViewGroupOverlayApi14,android.support.transition.ViewGroupOverlayApi14,androidx.transition.ViewGroupOverlayApi14,,,android.support.transition,androidx.transition,,
ViewGroupOverlayApi18,android.support.transition.ViewGroupOverlayApi18,androidx.transition.ViewGroupOverlayApi18,,,android.support.transition,androidx.transition,,
ViewGroupOverlayImpl,android.support.transition.ViewGroupOverlayImpl,androidx.transition.ViewGroupOverlayImpl,,,android.support.transition,androidx.transition,,
ViewGroupUtils,android.support.transition.ViewGroupUtils,androidx.transition.ViewGroupUtils,,,android.support.transition,androidx.transition,,
ViewGroupUtilsApi14,android.support.transition.ViewGroupUtilsApi14,androidx.transition.ViewGroupUtilsApi14,,,android.support.transition,androidx.transition,,
ViewGroupUtilsApi18,android.support.transition.ViewGroupUtilsApi18,androidx.transition.ViewGroupUtilsApi18,,,android.support.transition,androidx.transition,,
ViewOverlayApi14,android.support.transition.ViewOverlayApi14,androidx.transition.ViewOverlayApi14,,,android.support.transition,androidx.transition,,
ViewOverlayApi18,android.support.transition.ViewOverlayApi18,androidx.transition.ViewOverlayApi18,,,android.support.transition,androidx.transition,,
ViewOverlayImpl,android.support.transition.ViewOverlayImpl,androidx.transition.ViewOverlayImpl,,,android.support.transition,androidx.transition,,
ViewUtils,android.support.transition.ViewUtils,androidx.transition.ViewUtils,,,android.support.transition,androidx.transition,,
ViewUtilsApi19,android.support.transition.ViewUtilsApi19,androidx.transition.ViewUtilsApi19,,,android.support.transition,androidx.transition,,
ViewUtilsApi21,android.support.transition.ViewUtilsApi21,androidx.transition.ViewUtilsApi21,,,android.support.transition,androidx.transition,,
ViewUtilsApi22,android.support.transition.ViewUtilsApi22,androidx.transition.ViewUtilsApi22,,,android.support.transition,androidx.transition,,
ViewUtilsBase,android.support.transition.ViewUtilsBase,androidx.transition.ViewUtilsBase,,,android.support.transition,androidx.transition,,
WindowIdApi14,android.support.transition.WindowIdApi14,androidx.transition.WindowIdApi14,,,android.support.transition,androidx.transition,,
WindowIdApi18,android.support.transition.WindowIdApi18,androidx.transition.WindowIdApi18,,,android.support.transition,androidx.transition,,
WindowIdImpl,android.support.transition.WindowIdImpl,androidx.transition.WindowIdImpl,,,android.support.transition,androidx.transition,,
ViewCompat,android.support.v13.view.ViewCompat,androidx.legacy.view.ViewCompat,,,android.support.v13.view,androidx.legacy.view,,
DetailsBackgroundVideoHelper,android.support.v17.leanback.app.DetailsBackgroundVideoHelper,androidx.leanback.app.DetailsBackgroundVideoHelper,,,android.support.v17.leanback.app,androidx.leanback.app,,
FragmentUtil,android.support.v17.leanback.app.FragmentUtil,androidx.leanback.app.FragmentUtil,,,android.support.v17.leanback.app,androidx.leanback.app,,
GuidedStepRootLayout,android.support.v17.leanback.app.GuidedStepRootLayout,androidx.leanback.app.GuidedStepRootLayout,,,android.support.v17.leanback.app,androidx.leanback.app,,
ListRowDataAdapter,android.support.v17.leanback.app.ListRowDataAdapter,androidx.leanback.app.ListRowDataAdapter,,,android.support.v17.leanback.app,androidx.leanback.app,,
SurfaceHolderGlueHost,android.support.v17.leanback.media.SurfaceHolderGlueHost,androidx.leanback.media.SurfaceHolderGlueHost,,,android.support.v17.leanback.media,androidx.leanback.media,,
R,android.support.v17.leanback.R,androidx.leanback.R,,,android.support.v17.leanback,androidx.leanback,,
CustomChangeBounds,android.support.v17.leanback.transition.CustomChangeBounds,androidx.leanback.transition.CustomChangeBounds,,,android.support.v17.leanback.transition,androidx.leanback.transition,,
Scale,android.support.v17.leanback.transition.Scale,androidx.leanback.transition.Scale,,,android.support.v17.leanback.transition,androidx.leanback.transition,,
SlideKitkat,android.support.v17.leanback.transition.SlideKitkat,androidx.leanback.transition.SlideKitkat,,,android.support.v17.leanback.transition,androidx.leanback.transition,,
TranslationAnimationCreator,android.support.v17.leanback.transition.TranslationAnimationCreator,androidx.leanback.transition.TranslationAnimationCreator,,,android.support.v17.leanback.transition,androidx.leanback.transition,,
ActionPresenterSelector,android.support.v17.leanback.widget.ActionPresenterSelector,androidx.leanback.widget.ActionPresenterSelector,,,android.support.v17.leanback.widget,androidx.leanback.widget,,
BaseOnItemViewClickedListener,android.support.v17.leanback.widget.BaseOnItemViewClickedListener,androidx.leanback.widget.BaseOnItemViewClickedListener,,,android.support.v17.leanback.widget,androidx.leanback.widget,,
BaseOnItemViewSelectedListener,android.support.v17.leanback.widget.BaseOnItemViewSelectedListener,androidx.leanback.widget.BaseOnItemViewSelectedListener,,,android.support.v17.leanback.widget,androidx.leanback.widget,,
CheckableImageView,android.support.v17.leanback.widget.CheckableImageView,androidx.leanback.widget.CheckableImageView,,,android.support.v17.leanback.widget,androidx.leanback.widget,,
ControlBar,android.support.v17.leanback.widget.ControlBar,androidx.leanback.widget.ControlBar,,,android.support.v17.leanback.widget,androidx.leanback.widget,,
ControlBarPresenter,android.support.v17.leanback.widget.ControlBarPresenter,androidx.leanback.widget.ControlBarPresenter,,,android.support.v17.leanback.widget,androidx.leanback.widget,,
DetailsOverviewSharedElementHelper,android.support.v17.leanback.widget.DetailsOverviewSharedElementHelper,androidx.leanback.widget.DetailsOverviewSharedElementHelper,,,android.support.v17.leanback.widget,androidx.leanback.widget,,
FacetProvider,android.support.v17.leanback.widget.FacetProvider,androidx.leanback.widget.FacetProvider,,,android.support.v17.leanback.widget,androidx.leanback.widget,,
FacetProviderAdapter,android.support.v17.leanback.widget.FacetProviderAdapter,androidx.leanback.widget.FacetProviderAdapter,,,android.support.v17.leanback.widget,androidx.leanback.widget,,
FocusHighlightHandler,android.support.v17.leanback.widget.FocusHighlightHandler,androidx.leanback.widget.FocusHighlightHandler,,,android.support.v17.leanback.widget,androidx.leanback.widget,,
ForegroundHelper,android.support.v17.leanback.widget.ForegroundHelper,androidx.leanback.widget.ForegroundHelper,,,android.support.v17.leanback.widget,androidx.leanback.widget,,
FragmentAnimationProvider,android.support.v17.leanback.widget.FragmentAnimationProvider,androidx.leanback.widget.FragmentAnimationProvider,,,android.support.v17.leanback.widget,androidx.leanback.widget,,
Grid,android.support.v17.leanback.widget.Grid,androidx.leanback.widget.Grid,,,android.support.v17.leanback.widget,androidx.leanback.widget,,
GuidanceStylingRelativeLayout,android.support.v17.leanback.widget.GuidanceStylingRelativeLayout,androidx.leanback.widget.GuidanceStylingRelativeLayout,,,android.support.v17.leanback.widget,androidx.leanback.widget,,
GuidedActionAutofillSupport,android.support.v17.leanback.widget.GuidedActionAutofillSupport,androidx.leanback.widget.GuidedActionAutofillSupport,,,android.support.v17.leanback.widget,androidx.leanback.widget,,
GuidedActionItemContainer,android.support.v17.leanback.widget.GuidedActionItemContainer,androidx.leanback.widget.GuidedActionItemContainer,,,android.support.v17.leanback.widget,androidx.leanback.widget,,
GuidedActionsRelativeLayout,android.support.v17.leanback.widget.GuidedActionsRelativeLayout,androidx.leanback.widget.GuidedActionsRelativeLayout,,,android.support.v17.leanback.widget,androidx.leanback.widget,,
ImeKeyMonitor,android.support.v17.leanback.widget.ImeKeyMonitor,androidx.leanback.widget.ImeKeyMonitor,,,android.support.v17.leanback.widget,androidx.leanback.widget,,
ItemAlignment,android.support.v17.leanback.widget.ItemAlignment,androidx.leanback.widget.ItemAlignment,,,android.support.v17.leanback.widget,androidx.leanback.widget,,
ItemAlignmentFacetHelper,android.support.v17.leanback.widget.ItemAlignmentFacetHelper,androidx.leanback.widget.ItemAlignmentFacetHelper,,,android.support.v17.leanback.widget,androidx.leanback.widget,,
MediaItemActionPresenter,android.support.v17.leanback.widget.MediaItemActionPresenter,androidx.leanback.widget.MediaItemActionPresenter,,,android.support.v17.leanback.widget,androidx.leanback.widget,,
MediaRowFocusView,android.support.v17.leanback.widget.MediaRowFocusView,androidx.leanback.widget.MediaRowFocusView,,,android.support.v17.leanback.widget,androidx.leanback.widget,,
MultiActionsProvider,android.support.v17.leanback.widget.MultiActionsProvider,androidx.leanback.widget.MultiActionsProvider,,,android.support.v17.leanback.widget,androidx.leanback.widget,,
NonOverlappingFrameLayout,android.support.v17.leanback.widget.NonOverlappingFrameLayout,androidx.leanback.widget.NonOverlappingFrameLayout,,,android.support.v17.leanback.widget,androidx.leanback.widget,,
NonOverlappingLinearLayoutWithForeground,android.support.v17.leanback.widget.NonOverlappingLinearLayoutWithForeground,androidx.leanback.widget.NonOverlappingLinearLayoutWithForeground,,,android.support.v17.leanback.widget,androidx.leanback.widget,,
NonOverlappingRelativeLayout,android.support.v17.leanback.widget.NonOverlappingRelativeLayout,androidx.leanback.widget.NonOverlappingRelativeLayout,,,android.support.v17.leanback.widget,androidx.leanback.widget,,
NonOverlappingView,android.support.v17.leanback.widget.NonOverlappingView,androidx.leanback.widget.NonOverlappingView,,,android.support.v17.leanback.widget,androidx.leanback.widget,,
OnActionClickedListener,android.support.v17.leanback.widget.OnActionClickedListener,androidx.leanback.widget.OnActionClickedListener,,,android.support.v17.leanback.widget,androidx.leanback.widget,,
OnChildLaidOutListener,android.support.v17.leanback.widget.OnChildLaidOutListener,androidx.leanback.widget.OnChildLaidOutListener,,,android.support.v17.leanback.widget,androidx.leanback.widget,,
OnChildSelectedListener,android.support.v17.leanback.widget.OnChildSelectedListener,androidx.leanback.widget.OnChildSelectedListener,,,android.support.v17.leanback.widget,androidx.leanback.widget,,
OnItemViewClickedListener,android.support.v17.leanback.widget.OnItemViewClickedListener,androidx.leanback.widget.OnItemViewClickedListener,,,android.support.v17.leanback.widget,androidx.leanback.widget,,
OnItemViewSelectedListener,android.support.v17.leanback.widget.OnItemViewSelectedListener,androidx.leanback.widget.OnItemViewSelectedListener,,,android.support.v17.leanback.widget,androidx.leanback.widget,,
PersistentFocusWrapper,android.support.v17.leanback.widget.PersistentFocusWrapper,androidx.leanback.widget.PersistentFocusWrapper,,,android.support.v17.leanback.widget,androidx.leanback.widget,,
PickerUtility,android.support.v17.leanback.widget.picker.PickerUtility,androidx.leanback.widget.picker.PickerUtility,,,android.support.v17.leanback.widget.picker,androidx.leanback.widget.picker,,
PlaybackControlsPresenter,android.support.v17.leanback.widget.PlaybackControlsPresenter,androidx.leanback.widget.PlaybackControlsPresenter,,,android.support.v17.leanback.widget,androidx.leanback.widget,,
PlaybackControlsRowView,android.support.v17.leanback.widget.PlaybackControlsRowView,androidx.leanback.widget.PlaybackControlsRowView,,,android.support.v17.leanback.widget,androidx.leanback.widget,,
PlaybackSeekUi,android.support.v17.leanback.widget.PlaybackSeekUi,androidx.leanback.widget.PlaybackSeekUi,,,android.support.v17.leanback.widget,androidx.leanback.widget,,
ResizingTextView,android.support.v17.leanback.widget.ResizingTextView,androidx.leanback.widget.ResizingTextView,,,android.support.v17.leanback.widget,androidx.leanback.widget,,
RoundedRectHelper,android.support.v17.leanback.widget.RoundedRectHelper,androidx.leanback.widget.RoundedRectHelper,,,android.support.v17.leanback.widget,androidx.leanback.widget,,
RoundedRectHelperApi21,android.support.v17.leanback.widget.RoundedRectHelperApi21,androidx.leanback.widget.RoundedRectHelperApi21,,,android.support.v17.leanback.widget,androidx.leanback.widget,,
ShadowHelper,android.support.v17.leanback.widget.ShadowHelper,androidx.leanback.widget.ShadowHelper,,,android.support.v17.leanback.widget,androidx.leanback.widget,,
ShadowHelperApi21,android.support.v17.leanback.widget.ShadowHelperApi21,androidx.leanback.widget.ShadowHelperApi21,,,android.support.v17.leanback.widget,androidx.leanback.widget,,
SingleRow,android.support.v17.leanback.widget.SingleRow,androidx.leanback.widget.SingleRow,,,android.support.v17.leanback.widget,androidx.leanback.widget,,
SpeechRecognitionCallback,android.support.v17.leanback.widget.SpeechRecognitionCallback,androidx.leanback.widget.SpeechRecognitionCallback,,,android.support.v17.leanback.widget,androidx.leanback.widget,,
StaggeredGrid,android.support.v17.leanback.widget.StaggeredGrid,androidx.leanback.widget.StaggeredGrid,,,android.support.v17.leanback.widget,androidx.leanback.widget,,
StaggeredGridDefault,android.support.v17.leanback.widget.StaggeredGridDefault,androidx.leanback.widget.StaggeredGridDefault,,,android.support.v17.leanback.widget,androidx.leanback.widget,,
StaticShadowHelper,android.support.v17.leanback.widget.StaticShadowHelper,androidx.leanback.widget.StaticShadowHelper,,,android.support.v17.leanback.widget,androidx.leanback.widget,,
ViewHolderTask,android.support.v17.leanback.widget.ViewHolderTask,androidx.leanback.widget.ViewHolderTask,,,android.support.v17.leanback.widget,androidx.leanback.widget,,
ViewsStateBundle,android.support.v17.leanback.widget.ViewsStateBundle,androidx.leanback.widget.ViewsStateBundle,,,android.support.v17.leanback.widget,androidx.leanback.widget,,
Visibility,android.support.v17.leanback.widget.Visibility,androidx.leanback.widget.Visibility,,,android.support.v17.leanback.widget,androidx.leanback.widget,,
WindowAlignment,android.support.v17.leanback.widget.WindowAlignment,androidx.leanback.widget.WindowAlignment,,,android.support.v17.leanback.widget,androidx.leanback.widget,,
LeanbackPreferenceFragmentTransitionHelperApi21,android.support.v17.preference.LeanbackPreferenceFragmentTransitionHelperApi21,androidx.leanback.preference.LeanbackPreferenceFragmentTransitionHelperApi21,,,android.support.v17.preference,androidx.leanback.preference,,
R,android.support.v17.preference.R,androidx.leanback.preference.R,,,android.support.v17.preference,androidx.leanback.preference,,
BackStackRecord,android.support.v4.app.BackStackRecord,androidx.fragment.app.BackStackRecord,,,android.support.v4.app,androidx.fragment.app,,
BackStackState,android.support.v4.app.BackStackState,androidx.fragment.app.BackStackState,,,android.support.v4.app,androidx.fragment.app,,
FragmentManagerImpl,android.support.v4.app.FragmentManagerImpl,androidx.fragment.app.FragmentManagerImpl,,,android.support.v4.app,androidx.fragment.app,,
FragmentManagerState,android.support.v4.app.FragmentManagerState,androidx.fragment.app.FragmentManagerState,,,android.support.v4.app,androidx.fragment.app,,
FragmentState,android.support.v4.app.FragmentState,androidx.fragment.app.FragmentState,,,android.support.v4.app,androidx.fragment.app,,
FragmentTransition,android.support.v4.app.FragmentTransition,androidx.fragment.app.FragmentTransition,,,android.support.v4.app,androidx.fragment.app,,
FragmentTransitionCompat21,android.support.v4.app.FragmentTransitionCompat21,androidx.fragment.app.FragmentTransitionCompat21,,,android.support.v4.app,androidx.fragment.app,,
LoaderManagerImpl,android.support.v4.app.LoaderManagerImpl,androidx.loader.app.LoaderManagerImpl,,,android.support.v4.app,androidx.loader.app,,
NotificationBuilderWithBuilderAccessor,android.support.v4.app.NotificationBuilderWithBuilderAccessor,androidx.core.app.NotificationBuilderWithBuilderAccessor,,,android.support.v4.app,androidx.core.app,,
NotificationCompatBuilder,android.support.v4.app.NotificationCompatBuilder,androidx.core.app.NotificationCompatBuilder,,,android.support.v4.app,androidx.core.app,,
NotificationCompatJellybean,android.support.v4.app.NotificationCompatJellybean,androidx.core.app.NotificationCompatJellybean,,,android.support.v4.app,androidx.core.app,,
OneShotPreDrawListener,android.support.v4.app.OneShotPreDrawListener,androidx.fragment.app.OneShotPreDrawListener,,,android.support.v4.app,androidx.fragment.app,,
SuperNotCalledException,android.support.v4.app.SuperNotCalledException,androidx.fragment.app.SuperNotCalledException,,,android.support.v4.app,androidx.fragment.app,,
ModernAsyncTask,android.support.v4.content.ModernAsyncTask,androidx.loader.content.ModernAsyncTask,,,android.support.v4.content,androidx.loader.content,,
GradientColorInflaterCompat,android.support.v4.content.res.GradientColorInflaterCompat,androidx.core.content.res.GradientColorInflaterCompat,,,android.support.v4.content.res,androidx.core.content.res,,
GrowingArrayUtils,android.support.v4.content.res.GrowingArrayUtils,androidx.core.content.res.GrowingArrayUtils,,,android.support.v4.content.res,androidx.core.content.res,,
RoundedBitmapDrawable21,android.support.v4.graphics.drawable.RoundedBitmapDrawable21,androidx.core.graphics.drawable.RoundedBitmapDrawable21,,,android.support.v4.graphics.drawable,androidx.core.graphics.drawable,,
TintAwareDrawable,android.support.v4.graphics.drawable.TintAwareDrawable,androidx.core.graphics.drawable.TintAwareDrawable,,,android.support.v4.graphics.drawable,androidx.core.graphics.drawable,,
WrappedDrawable,android.support.v4.graphics.drawable.WrappedDrawable,androidx.core.graphics.drawable.WrappedDrawable,,,android.support.v4.graphics.drawable,androidx.core.graphics.drawable,,
WrappedDrawableApi14,android.support.v4.graphics.drawable.WrappedDrawableApi14,androidx.core.graphics.drawable.WrappedDrawableApi14,,,android.support.v4.graphics.drawable,androidx.core.graphics.drawable,,
WrappedDrawableApi21,android.support.v4.graphics.drawable.WrappedDrawableApi21,androidx.core.graphics.drawable.WrappedDrawableApi21,,,android.support.v4.graphics.drawable,androidx.core.graphics.drawable,,
TypefaceCompatApi21Impl,android.support.v4.graphics.TypefaceCompatApi21Impl,androidx.core.graphics.TypefaceCompatApi21Impl,,,android.support.v4.graphics,androidx.core.graphics,,
TypefaceCompatApi24Impl,android.support.v4.graphics.TypefaceCompatApi24Impl,androidx.core.graphics.TypefaceCompatApi24Impl,,,android.support.v4.graphics,androidx.core.graphics,,
TypefaceCompatApi26Impl,android.support.v4.graphics.TypefaceCompatApi26Impl,androidx.core.graphics.TypefaceCompatApi26Impl,,,android.support.v4.graphics,androidx.core.graphics,,
TypefaceCompatApi28Impl,android.support.v4.graphics.TypefaceCompatApi28Impl,androidx.core.graphics.TypefaceCompatApi28Impl,,,android.support.v4.graphics,androidx.core.graphics,,
TypefaceCompatBaseImpl,android.support.v4.graphics.TypefaceCompatBaseImpl,androidx.core.graphics.TypefaceCompatBaseImpl,,,android.support.v4.graphics,androidx.core.graphics,,
SupportSubMenu,android.support.v4.internal.view.SupportSubMenu,androidx.core.internal.view.SupportSubMenu,,,android.support.v4.internal.view,androidx.core.internal.view,,
AudioAttributesImpl,android.support.v4.media.AudioAttributesImpl,android.support.v4.media.AudioAttributesImpl,,,android.support.v4.media,android.support.v4.media,,
AudioAttributesImplApi21,android.support.v4.media.AudioAttributesImplApi21,android.support.v4.media.AudioAttributesImplApi21,,,android.support.v4.media,android.support.v4.media,,
AudioAttributesImplBase,android.support.v4.media.AudioAttributesImplBase,android.support.v4.media.AudioAttributesImplBase,,,android.support.v4.media,android.support.v4.media,,
MediaBrowserCompatApi21,android.support.v4.media.MediaBrowserCompatApi21,android.support.v4.media.MediaBrowserCompatApi21,,,android.support.v4.media,android.support.v4.media,,
MediaBrowserCompatApi23,android.support.v4.media.MediaBrowserCompatApi23,android.support.v4.media.MediaBrowserCompatApi23,,,android.support.v4.media,android.support.v4.media,,
MediaBrowserCompatApi26,android.support.v4.media.MediaBrowserCompatApi26,android.support.v4.media.MediaBrowserCompatApi26,,,android.support.v4.media,android.support.v4.media,,
MediaBrowserServiceCompatApi21,android.support.v4.media.MediaBrowserServiceCompatApi21,androidx.media.MediaBrowserServiceCompatApi21,,,android.support.v4.media,androidx.media,,
MediaBrowserServiceCompatApi23,android.support.v4.media.MediaBrowserServiceCompatApi23,androidx.media.MediaBrowserServiceCompatApi23,,,android.support.v4.media,androidx.media,,
MediaBrowserServiceCompatApi26,android.support.v4.media.MediaBrowserServiceCompatApi26,androidx.media.MediaBrowserServiceCompatApi26,,,android.support.v4.media,androidx.media,,
MediaDescriptionCompatApi21,android.support.v4.media.MediaDescriptionCompatApi21,android.support.v4.media.MediaDescriptionCompatApi21,,,android.support.v4.media,android.support.v4.media,,
MediaDescriptionCompatApi23,android.support.v4.media.MediaDescriptionCompatApi23,android.support.v4.media.MediaDescriptionCompatApi23,,,android.support.v4.media,android.support.v4.media,,
MediaMetadataCompatApi21,android.support.v4.media.MediaMetadataCompatApi21,android.support.v4.media.MediaMetadataCompatApi21,,,android.support.v4.media,android.support.v4.media,,
MediaSessionManagerImplApi21,android.support.v4.media.MediaSessionManagerImplApi21,android.support.v4.media.MediaSessionManagerImplApi21,,,android.support.v4.media,android.support.v4.media,,
MediaSessionManagerImplApi28,android.support.v4.media.MediaSessionManagerImplApi28,android.support.v4.media.MediaSessionManagerImplApi28,,,android.support.v4.media,android.support.v4.media,,
MediaSessionManagerImplBase,android.support.v4.media.MediaSessionManagerImplBase,android.support.v4.media.MediaSessionManagerImplBase,,,android.support.v4.media,android.support.v4.media,,
ParceledListSliceAdapterApi21,android.support.v4.media.ParceledListSliceAdapterApi21,android.support.v4.media.ParceledListSliceAdapterApi21,,,android.support.v4.media,android.support.v4.media,,
MediaControllerCompatApi21,android.support.v4.media.session.MediaControllerCompatApi21,android.support.v4.media.session.MediaControllerCompatApi21,,,android.support.v4.media.session,android.support.v4.media.session,,
MediaControllerCompatApi23,android.support.v4.media.session.MediaControllerCompatApi23,android.support.v4.media.session.MediaControllerCompatApi23,,,android.support.v4.media.session,android.support.v4.media.session,,
MediaControllerCompatApi24,android.support.v4.media.session.MediaControllerCompatApi24,android.support.v4.media.session.MediaControllerCompatApi24,,,android.support.v4.media.session,android.support.v4.media.session,,
MediaSessionCompatApi21,android.support.v4.media.session.MediaSessionCompatApi21,android.support.v4.media.session.MediaSessionCompatApi21,,,android.support.v4.media.session,android.support.v4.media.session,,
MediaSessionCompatApi22,android.support.v4.media.session.MediaSessionCompatApi22,android.support.v4.media.session.MediaSessionCompatApi22,,,android.support.v4.media.session,android.support.v4.media.session,,
MediaSessionCompatApi23,android.support.v4.media.session.MediaSessionCompatApi23,android.support.v4.media.session.MediaSessionCompatApi23,,,android.support.v4.media.session,android.support.v4.media.session,,
MediaSessionCompatApi24,android.support.v4.media.session.MediaSessionCompatApi24,android.support.v4.media.session.MediaSessionCompatApi24,,,android.support.v4.media.session,android.support.v4.media.session,,
PlaybackStateCompatApi21,android.support.v4.media.session.PlaybackStateCompatApi21,android.support.v4.media.session.PlaybackStateCompatApi21,,,android.support.v4.media.session,android.support.v4.media.session,,
PlaybackStateCompatApi22,android.support.v4.media.session.PlaybackStateCompatApi22,android.support.v4.media.session.PlaybackStateCompatApi22,,,android.support.v4.media.session,android.support.v4.media.session,,
VolumeProviderCompatApi21,android.support.v4.media.VolumeProviderCompatApi21,androidx.media.VolumeProviderCompatApi21,,,android.support.v4.media,androidx.media,,
DatagramSocketWrapper,android.support.v4.net.DatagramSocketWrapper,androidx.core.net.DatagramSocketWrapper,,,android.support.v4.net,androidx.core.net,,
LocaleHelper,android.support.v4.os.LocaleHelper,androidx.core.os.LocaleHelper,,,android.support.v4.os,androidx.core.os,,
LocaleListHelper,android.support.v4.os.LocaleListHelper,androidx.core.os.LocaleListHelper,,,android.support.v4.os,androidx.core.os,,
LocaleListInterface,android.support.v4.os.LocaleListInterface,androidx.core.os.LocaleListInterface,,,android.support.v4.os,androidx.core.os,,
ParcelableCompatCreatorCallbacks,android.support.v4.os.ParcelableCompatCreatorCallbacks,androidx.core.os.ParcelableCompatCreatorCallbacks,,,android.support.v4.os,androidx.core.os,,
DocumentsContractApi19,android.support.v4.provider.DocumentsContractApi19,androidx.documentfile.provider.DocumentsContractApi19,,,android.support.v4.provider,androidx.documentfile.provider,,
RawDocumentFile,android.support.v4.provider.RawDocumentFile,androidx.documentfile.provider.RawDocumentFile,,,android.support.v4.provider,androidx.documentfile.provider,,
SingleDocumentFile,android.support.v4.provider.SingleDocumentFile,androidx.documentfile.provider.SingleDocumentFile,,,android.support.v4.provider,androidx.documentfile.provider,,
TreeDocumentFile,android.support.v4.provider.TreeDocumentFile,androidx.documentfile.provider.TreeDocumentFile,,,android.support.v4.provider,androidx.documentfile.provider,,
TextDirectionHeuristicCompat,android.support.v4.text.TextDirectionHeuristicCompat,androidx.core.text.TextDirectionHeuristicCompat,,,android.support.v4.text,androidx.core.text,,
FindAddress,android.support.v4.text.util.FindAddress,androidx.core.text.util.FindAddress,,,android.support.v4.text.util,androidx.core.text.util,,
Consumer,android.support.v4.util.Consumer,androidx.core.util.Consumer,,,android.support.v4.util,androidx.core.util,,
ContainerHelpers,android.support.v4.util.ContainerHelpers,androidx.collection.ContainerHelpers,,,android.support.v4.util,androidx.collection,,
MapCollections,android.support.v4.util.MapCollections,androidx.collection.MapCollections,,,android.support.v4.util,androidx.collection,,
PathInterpolatorApi14,android.support.v4.view.animation.PathInterpolatorApi14,androidx.core.view.animation.PathInterpolatorApi14,,,android.support.v4.view.animation,androidx.core.view.animation,,
LayoutInflaterFactory,android.support.v4.view.LayoutInflaterFactory,androidx.core.view.LayoutInflaterFactory,,,android.support.v4.view,androidx.core.view,,
NestedScrollingChild,android.support.v4.view.NestedScrollingChild,androidx.core.view.NestedScrollingChild,,,android.support.v4.view,androidx.core.view,,
NestedScrollingChild2,android.support.v4.view.NestedScrollingChild2,androidx.core.view.NestedScrollingChild2,,,android.support.v4.view,androidx.core.view,,
NestedScrollingParent,android.support.v4.view.NestedScrollingParent,androidx.core.view.NestedScrollingParent,,,android.support.v4.view,androidx.core.view,,
NestedScrollingParent2,android.support.v4.view.NestedScrollingParent2,androidx.core.view.NestedScrollingParent2,,,android.support.v4.view,androidx.core.view,,
OnApplyWindowInsetsListener,android.support.v4.view.OnApplyWindowInsetsListener,androidx.core.view.OnApplyWindowInsetsListener,,,android.support.v4.view,androidx.core.view,,
ScrollingView,android.support.v4.view.ScrollingView,androidx.core.view.ScrollingView,,,android.support.v4.view,androidx.core.view,,
TintableBackgroundView,android.support.v4.view.TintableBackgroundView,androidx.core.view.TintableBackgroundView,,,android.support.v4.view,androidx.core.view,,
ViewPropertyAnimatorListener,android.support.v4.view.ViewPropertyAnimatorListener,androidx.core.view.ViewPropertyAnimatorListener,,,android.support.v4.view,androidx.core.view,,
ViewPropertyAnimatorUpdateListener,android.support.v4.view.ViewPropertyAnimatorUpdateListener,androidx.core.view.ViewPropertyAnimatorUpdateListener,,,android.support.v4.view,androidx.core.view,,
CircleImageView,android.support.v4.widget.CircleImageView,androidx.swiperefreshlayout.widget.CircleImageView,,,android.support.v4.widget,androidx.swiperefreshlayout.widget,,
FocusStrategy,android.support.v4.widget.FocusStrategy,androidx.customview.widget.FocusStrategy,,,android.support.v4.widget,androidx.customview.widget,,
TintableCompoundButton,android.support.v4.widget.TintableCompoundButton,androidx.core.widget.TintableCompoundButton,,,android.support.v4.widget,androidx.core.widget,,
TintableImageSourceView,android.support.v4.widget.TintableImageSourceView,androidx.core.widget.TintableImageSourceView,,,android.support.v4.widget,androidx.core.widget,,
ActionBarDrawerToggleHoneycomb,android.support.v7.app.ActionBarDrawerToggleHoneycomb,androidx.appcompat.app.ActionBarDrawerToggleHoneycomb,,,android.support.v7.app,androidx.appcompat.app,,
AlertController,android.support.v7.app.AlertController,androidx.appcompat.app.AlertController,,,android.support.v7.app,androidx.appcompat.app,,
AppCompatCallback,android.support.v7.app.AppCompatCallback,androidx.appcompat.app.AppCompatCallback,,,android.support.v7.app,androidx.appcompat.app,,
AppCompatDelegateImpl,android.support.v7.app.AppCompatDelegateImpl,androidx.appcompat.app.AppCompatDelegateImpl,,,android.support.v7.app,androidx.appcompat.app,,
MediaRouteDialogHelper,android.support.v7.app.MediaRouteDialogHelper,androidx.mediarouter.app.MediaRouteDialogHelper,,,android.support.v7.app,androidx.mediarouter.app,,
MediaRouteExpandCollapseButton,android.support.v7.app.MediaRouteExpandCollapseButton,androidx.mediarouter.app.MediaRouteExpandCollapseButton,,,android.support.v7.app,androidx.mediarouter.app,,
MediaRouterThemeHelper,android.support.v7.app.MediaRouterThemeHelper,androidx.mediarouter.app.MediaRouterThemeHelper,,,android.support.v7.app,androidx.mediarouter.app,,
MediaRouteVolumeSlider,android.support.v7.app.MediaRouteVolumeSlider,androidx.mediarouter.app.MediaRouteVolumeSlider,,,android.support.v7.app,androidx.mediarouter.app,,
NavItemSelectedListener,android.support.v7.app.NavItemSelectedListener,androidx.appcompat.app.NavItemSelectedListener,,,android.support.v7.app,androidx.appcompat.app,,
OverlayListView,android.support.v7.app.OverlayListView,androidx.mediarouter.app.OverlayListView,,,android.support.v7.app,androidx.mediarouter.app,,
ResourcesFlusher,android.support.v7.app.ResourcesFlusher,androidx.appcompat.app.ResourcesFlusher,,,android.support.v7.app,androidx.appcompat.app,,
ToolbarActionBar,android.support.v7.app.ToolbarActionBar,androidx.appcompat.app.ToolbarActionBar,,,android.support.v7.app,androidx.appcompat.app,,
TwilightCalculator,android.support.v7.app.TwilightCalculator,androidx.appcompat.app.TwilightCalculator,,,android.support.v7.app,androidx.appcompat.app,,
TwilightManager,android.support.v7.app.TwilightManager,androidx.appcompat.app.TwilightManager,,,android.support.v7.app,androidx.appcompat.app,,
R,android.support.v7.appcompat.R,androidx.appcompat.R,,,android.support.v7.appcompat,androidx.appcompat,,
R,android.support.v7.cardview.R,androidx.cardview.R,,,android.support.v7.cardview,androidx.cardview,,
ColorCutQuantizer,android.support.v7.graphics.ColorCutQuantizer,androidx.palette.graphics.ColorCutQuantizer,,,android.support.v7.graphics,androidx.palette.graphics,,
DrawableContainer,android.support.v7.graphics.drawable.DrawableContainer,androidx.appcompat.graphics.drawable.DrawableContainer,,,android.support.v7.graphics.drawable,androidx.appcompat.graphics.drawable,,
StateListDrawable,android.support.v7.graphics.drawable.StateListDrawable,androidx.appcompat.graphics.drawable.StateListDrawable,,,android.support.v7.graphics.drawable,androidx.appcompat.graphics.drawable,,
R,android.support.v7.gridlayout.R,androidx.gridlayout.R,,,android.support.v7.gridlayout,androidx.gridlayout,,
MediaRouteProviderProtocol,android.support.v7.media.MediaRouteProviderProtocol,androidx.mediarouter.media.MediaRouteProviderProtocol,,,android.support.v7.media,androidx.mediarouter.media,,
MediaRouterApi24,android.support.v7.media.MediaRouterApi24,androidx.mediarouter.media.MediaRouterApi24,,,android.support.v7.media,androidx.mediarouter.media,,
MediaRouterJellybean,android.support.v7.media.MediaRouterJellybean,androidx.mediarouter.media.MediaRouterJellybean,,,android.support.v7.media,androidx.mediarouter.media,,
MediaRouterJellybeanMr1,android.support.v7.media.MediaRouterJellybeanMr1,androidx.mediarouter.media.MediaRouterJellybeanMr1,,,android.support.v7.media,androidx.mediarouter.media,,
MediaRouterJellybeanMr2,android.support.v7.media.MediaRouterJellybeanMr2,androidx.mediarouter.media.MediaRouterJellybeanMr2,,,android.support.v7.media,androidx.mediarouter.media,,
RegisteredMediaRouteProvider,android.support.v7.media.RegisteredMediaRouteProvider,androidx.mediarouter.media.RegisteredMediaRouteProvider,,,android.support.v7.media,androidx.mediarouter.media,,
RouteMediaPlayerConnector,android.support.v7.media.RouteMediaPlayerConnector,androidx.mediarouter.media.RouteMediaPlayerConnector,,,android.support.v7.media,androidx.mediarouter.media,,
R,android.support.v7.mediarouter.R,androidx.mediarouter.R,,,android.support.v7.mediarouter,androidx.mediarouter,,
CollapsiblePreferenceGroupController,android.support.v7.preference.CollapsiblePreferenceGroupController,androidx.preference.CollapsiblePreferenceGroupController,,,android.support.v7.preference,androidx.preference,,
PreferenceInflater,android.support.v7.preference.PreferenceInflater,androidx.preference.PreferenceInflater,,,android.support.v7.preference,androidx.preference,,
R,android.support.v7.preference.R,androidx.preference.R,,,android.support.v7.preference,androidx.preference,,
R,android.support.v7.recyclerview.R,androidx.recyclerview.R,,,android.support.v7.recyclerview,androidx.recyclerview,,
ListUpdateCallback,android.support.v7.util.ListUpdateCallback,androidx.recyclerview.widget.ListUpdateCallback,,,android.support.v7.util,androidx.recyclerview.widget,,
MessageThreadUtil,android.support.v7.util.MessageThreadUtil,androidx.recyclerview.widget.MessageThreadUtil,,,android.support.v7.util,androidx.recyclerview.widget,,
ThreadUtil,android.support.v7.util.ThreadUtil,androidx.recyclerview.widget.ThreadUtil,,,android.support.v7.util,androidx.recyclerview.widget,,
TileList,android.support.v7.util.TileList,androidx.recyclerview.widget.TileList,,,android.support.v7.util,androidx.recyclerview.widget,,
CollapsibleActionView,android.support.v7.view.CollapsibleActionView,androidx.appcompat.view.CollapsibleActionView,,,android.support.v7.view,androidx.appcompat.view,,
BaseMenuWrapper,android.support.v7.view.menu.BaseMenuWrapper,androidx.appcompat.view.menu.BaseMenuWrapper,,,android.support.v7.view.menu,androidx.appcompat.view.menu,,
BaseWrapper,android.support.v7.view.menu.BaseWrapper,androidx.appcompat.view.menu.BaseWrapper,,,android.support.v7.view.menu,androidx.appcompat.view.menu,,
CascadingMenuPopup,android.support.v7.view.menu.CascadingMenuPopup,androidx.appcompat.view.menu.CascadingMenuPopup,,,android.support.v7.view.menu,androidx.appcompat.view.menu,,
MenuDialogHelper,android.support.v7.view.menu.MenuDialogHelper,androidx.appcompat.view.menu.MenuDialogHelper,,,android.support.v7.view.menu,androidx.appcompat.view.menu,,
MenuHelper,android.support.v7.view.menu.MenuHelper,androidx.appcompat.view.menu.MenuHelper,,,android.support.v7.view.menu,androidx.appcompat.view.menu,,
MenuItemWrapperICS,android.support.v7.view.menu.MenuItemWrapperICS,androidx.appcompat.view.menu.MenuItemWrapperICS,,,android.support.v7.view.menu,androidx.appcompat.view.menu,,
MenuItemWrapperJB,android.support.v7.view.menu.MenuItemWrapperJB,androidx.appcompat.view.menu.MenuItemWrapperJB,,,android.support.v7.view.menu,androidx.appcompat.view.menu,,
MenuPresenter,android.support.v7.view.menu.MenuPresenter,androidx.appcompat.view.menu.MenuPresenter,,,android.support.v7.view.menu,androidx.appcompat.view.menu,,
MenuView,android.support.v7.view.menu.MenuView,androidx.appcompat.view.menu.MenuView,,,android.support.v7.view.menu,androidx.appcompat.view.menu,,
MenuWrapperICS,android.support.v7.view.menu.MenuWrapperICS,androidx.appcompat.view.menu.MenuWrapperICS,,,android.support.v7.view.menu,androidx.appcompat.view.menu,,
ShowableListMenu,android.support.v7.view.menu.ShowableListMenu,androidx.appcompat.view.menu.ShowableListMenu,,,android.support.v7.view.menu,androidx.appcompat.view.menu,,
StandardMenuPopup,android.support.v7.view.menu.StandardMenuPopup,androidx.appcompat.view.menu.StandardMenuPopup,,,android.support.v7.view.menu,androidx.appcompat.view.menu,,
SubMenuWrapperICS,android.support.v7.view.menu.SubMenuWrapperICS,androidx.appcompat.view.menu.SubMenuWrapperICS,,,android.support.v7.view.menu,androidx.appcompat.view.menu,,
ActionBarBackgroundDrawable,android.support.v7.widget.ActionBarBackgroundDrawable,androidx.appcompat.widget.ActionBarBackgroundDrawable,,,android.support.v7.widget,androidx.appcompat.widget,,
AdapterHelper,android.support.v7.widget.AdapterHelper,androidx.recyclerview.widget.AdapterHelper,,,android.support.v7.widget,androidx.recyclerview.widget,,
AppCompatBackgroundHelper,android.support.v7.widget.AppCompatBackgroundHelper,androidx.appcompat.widget.AppCompatBackgroundHelper,,,android.support.v7.widget,androidx.appcompat.widget,,
AppCompatCompoundButtonHelper,android.support.v7.widget.AppCompatCompoundButtonHelper,androidx.appcompat.widget.AppCompatCompoundButtonHelper,,,android.support.v7.widget,androidx.appcompat.widget,,
AppCompatHintHelper,android.support.v7.widget.AppCompatHintHelper,androidx.appcompat.widget.AppCompatHintHelper,,,android.support.v7.widget,androidx.appcompat.widget,,
AppCompatPopupWindow,android.support.v7.widget.AppCompatPopupWindow,androidx.appcompat.widget.AppCompatPopupWindow,,,android.support.v7.widget,androidx.appcompat.widget,,
AppCompatProgressBarHelper,android.support.v7.widget.AppCompatProgressBarHelper,androidx.appcompat.widget.AppCompatProgressBarHelper,,,android.support.v7.widget,androidx.appcompat.widget,,
AppCompatSeekBarHelper,android.support.v7.widget.AppCompatSeekBarHelper,androidx.appcompat.widget.AppCompatSeekBarHelper,,,android.support.v7.widget,androidx.appcompat.widget,,
AppCompatTextHelper,android.support.v7.widget.AppCompatTextHelper,androidx.appcompat.widget.AppCompatTextHelper,,,android.support.v7.widget,androidx.appcompat.widget,,
AppCompatTextViewAutoSizeHelper,android.support.v7.widget.AppCompatTextViewAutoSizeHelper,androidx.appcompat.widget.AppCompatTextViewAutoSizeHelper,,,android.support.v7.widget,androidx.appcompat.widget,,
CardViewApi17Impl,android.support.v7.widget.CardViewApi17Impl,androidx.cardview.widget.CardViewApi17Impl,,,android.support.v7.widget,androidx.cardview.widget,,
CardViewApi21Impl,android.support.v7.widget.CardViewApi21Impl,androidx.cardview.widget.CardViewApi21Impl,,,android.support.v7.widget,androidx.cardview.widget,,
CardViewBaseImpl,android.support.v7.widget.CardViewBaseImpl,androidx.cardview.widget.CardViewBaseImpl,,,android.support.v7.widget,androidx.cardview.widget,,
CardViewDelegate,android.support.v7.widget.CardViewDelegate,androidx.cardview.widget.CardViewDelegate,,,android.support.v7.widget,androidx.cardview.widget,,
CardViewImpl,android.support.v7.widget.CardViewImpl,androidx.cardview.widget.CardViewImpl,,,android.support.v7.widget,androidx.cardview.widget,,
ChildHelper,android.support.v7.widget.ChildHelper,androidx.recyclerview.widget.ChildHelper,,,android.support.v7.widget,androidx.recyclerview.widget,,
DecorContentParent,android.support.v7.widget.DecorContentParent,androidx.appcompat.widget.DecorContentParent,,,android.support.v7.widget,androidx.appcompat.widget,,
DecorToolbar,android.support.v7.widget.DecorToolbar,androidx.appcompat.widget.DecorToolbar,,,android.support.v7.widget,androidx.appcompat.widget,,
FastScroller,android.support.v7.widget.FastScroller,androidx.recyclerview.widget.FastScroller,,,android.support.v7.widget,androidx.recyclerview.widget,,
FitWindowsViewGroup,android.support.v7.widget.FitWindowsViewGroup,androidx.appcompat.widget.FitWindowsViewGroup,,,android.support.v7.widget,androidx.appcompat.widget,,
GapWorker,android.support.v7.widget.GapWorker,androidx.recyclerview.widget.GapWorker,,,android.support.v7.widget,androidx.recyclerview.widget,,
ItemTouchUIUtil,android.support.v7.widget.helper.ItemTouchUIUtil,androidx.recyclerview.widget.ItemTouchUIUtil,,,android.support.v7.widget.helper,androidx.recyclerview.widget,,
ItemTouchUIUtilImpl,android.support.v7.widget.helper.ItemTouchUIUtilImpl,androidx.recyclerview.widget.ItemTouchUIUtilImpl,,,android.support.v7.widget.helper,androidx.recyclerview.widget,,
MenuItemHoverListener,android.support.v7.widget.MenuItemHoverListener,androidx.appcompat.widget.MenuItemHoverListener,,,android.support.v7.widget,androidx.appcompat.widget,,
OpReorderer,android.support.v7.widget.OpReorderer,androidx.recyclerview.widget.OpReorderer,,,android.support.v7.widget,androidx.recyclerview.widget,,
ResourcesWrapper,android.support.v7.widget.ResourcesWrapper,androidx.appcompat.widget.ResourcesWrapper,,,android.support.v7.widget,androidx.appcompat.widget,,
RoundRectDrawable,android.support.v7.widget.RoundRectDrawable,androidx.cardview.widget.RoundRectDrawable,,,android.support.v7.widget,androidx.cardview.widget,,
RtlSpacingHelper,android.support.v7.widget.RtlSpacingHelper,androidx.appcompat.widget.RtlSpacingHelper,,,android.support.v7.widget,androidx.appcompat.widget,,
ScrollbarHelper,android.support.v7.widget.ScrollbarHelper,androidx.recyclerview.widget.ScrollbarHelper,,,android.support.v7.widget,androidx.recyclerview.widget,,
SuggestionsAdapter,android.support.v7.widget.SuggestionsAdapter,androidx.appcompat.widget.SuggestionsAdapter,,,android.support.v7.widget,androidx.appcompat.widget,,
ThemedSpinnerAdapter,android.support.v7.widget.ThemedSpinnerAdapter,androidx.appcompat.widget.ThemedSpinnerAdapter,,,android.support.v7.widget,androidx.appcompat.widget,,
ThemeUtils,android.support.v7.widget.ThemeUtils,androidx.appcompat.widget.ThemeUtils,,,android.support.v7.widget,androidx.appcompat.widget,,
TintInfo,android.support.v7.widget.TintInfo,androidx.appcompat.widget.TintInfo,,,android.support.v7.widget,androidx.appcompat.widget,,
TintResources,android.support.v7.widget.TintResources,androidx.appcompat.widget.TintResources,,,android.support.v7.widget,androidx.appcompat.widget,,
TooltipCompatHandler,android.support.v7.widget.TooltipCompatHandler,androidx.appcompat.widget.TooltipCompatHandler,,,android.support.v7.widget,androidx.appcompat.widget,,
TooltipPopup,android.support.v7.widget.TooltipPopup,androidx.appcompat.widget.TooltipPopup,,,android.support.v7.widget,androidx.appcompat.widget,,
ViewBoundsCheck,android.support.v7.widget.ViewBoundsCheck,androidx.recyclerview.widget.ViewBoundsCheck,,,android.support.v7.widget,androidx.recyclerview.widget,,
ViewInfoStore,android.support.v7.widget.ViewInfoStore,androidx.recyclerview.widget.ViewInfoStore,,,android.support.v7.widget,androidx.recyclerview.widget,,
WithHint,android.support.v7.widget.WithHint,androidx.appcompat.widget.WithHint,,,android.support.v7.widget,androidx.appcompat.widget,,
AmbientDelegate,android.support.wear.ambient.AmbientDelegate,androidx.wear.ambient.AmbientDelegate,,,android.support.wear.ambient,androidx.wear.ambient,,
SharedLibraryVersion,android.support.wear.ambient.SharedLibraryVersion,androidx.wear.ambient.SharedLibraryVersion,,,android.support.wear.ambient,androidx.wear.ambient,,
R,android.support.wear.R,androidx.wear.R,,,android.support.wear,androidx.wear,,
BezierSCurveInterpolator,android.support.wear.widget.BezierSCurveInterpolator,androidx.wear.widget.BezierSCurveInterpolator,,,android.support.wear.widget,androidx.wear.widget,,
CircularProgressLayoutController,android.support.wear.widget.CircularProgressLayoutController,androidx.wear.widget.CircularProgressLayoutController,,,android.support.wear.widget,androidx.wear.widget,,
AbsListViewFlingWatcher,android.support.wear.widget.drawer.AbsListViewFlingWatcher,androidx.wear.widget.drawer.AbsListViewFlingWatcher,,,android.support.wear.widget.drawer,androidx.wear.widget.drawer,,
FlingWatcherFactory,android.support.wear.widget.drawer.FlingWatcherFactory,androidx.wear.widget.drawer.FlingWatcherFactory,,,android.support.wear.widget.drawer,androidx.wear.widget.drawer,,
NestedScrollViewFlingWatcher,android.support.wear.widget.drawer.NestedScrollViewFlingWatcher,androidx.wear.widget.drawer.NestedScrollViewFlingWatcher,,,android.support.wear.widget.drawer,androidx.wear.widget.drawer,,
RecyclerViewFlingWatcher,android.support.wear.widget.drawer.RecyclerViewFlingWatcher,androidx.wear.widget.drawer.RecyclerViewFlingWatcher,,,android.support.wear.widget.drawer,androidx.wear.widget.drawer,,
ScrollViewFlingWatcher,android.support.wear.widget.drawer.ScrollViewFlingWatcher,androidx.wear.widget.drawer.ScrollViewFlingWatcher,,,android.support.wear.widget.drawer,androidx.wear.widget.drawer,,
WearableActionDrawerMenu,android.support.wear.widget.drawer.WearableActionDrawerMenu,androidx.wear.widget.drawer.WearableActionDrawerMenu,,,android.support.wear.widget.drawer,androidx.wear.widget.drawer,,
ProgressDrawable,android.support.wear.widget.ProgressDrawable,androidx.wear.widget.ProgressDrawable,,,android.support.wear.widget,androidx.wear.widget,,
ResourcesUtil,android.support.wear.widget.ResourcesUtil,androidx.wear.widget.ResourcesUtil,,,android.support.wear.widget,androidx.wear.widget,,
ScrollManager,android.support.wear.widget.ScrollManager,androidx.wear.widget.ScrollManager,,,android.support.wear.widget,androidx.wear.widget,,
