ExpandableBehavior,Xamarin.Google.Android.Material.Transformation,com.google.android.material.transformation,com/google/android/material/transformation/ExpandableBehavior
ExpandableBehaviorInvoker,Xamarin.Google.Android.Material.Transformation,com.google.android.material.transformation,com/google/android/material/transformation/ExpandableBehavior
ExpandableTransformationBehavior,Xamarin.Google.Android.Material.Transformation,com.google.android.material.transformation,com/google/android/material/transformation/ExpandableTransformationBehavior
ExpandableTransformationBehaviorInvoker,Xamarin.Google.Android.Material.Transformation,com.google.android.material.transformation,com/google/android/material/transformation/ExpandableTransformationBehavior
FabTransformationBehavior,Xamarin.Google.Android.Material.Transformation,com.google.android.material.transformation,com/google/android/material/transformation/FabTransformationBehavior
FabTransformationBehavior.FabTransformationSpec,Xamarin.Google.Android.Material.Transformation,com.google.android.material.transformation,com/google/android/material/transformation/FabTransformationBehavior$FabTransformationSpec
FabTransformationBehaviorInvoker,Xamarin.Google.Android.Material.Transformation,com.google.android.material.transformation,com/google/android/material/transformation/FabTransformationBehavior
FabTransformationScrimBehavior,Xamarin.Google.Android.Material.Transformation,com.google.android.material.transformation,com/google/android/material/transformation/FabTransformationScrimBehavior
FabTransformationSheetBehavior,Xamarin.Google.Android.Material.Transformation,com.google.android.material.transformation,com/google/android/material/transformation/FabTransformationSheetBehavior
TransformationChildCard,Xamarin.Google.Android.Material.Transformation,com.google.android.material.transformation,com/google/android/material/transformation/TransformationChildCard
TransformationChildLayout,Xamarin.Google.Android.Material.Transformation,com.google.android.material.transformation,com/google/android/material/transformation/TransformationChildLayout
MaterialComponentsViewInflater,Xamarin.Google.Android.Material.Theme,com.google.android.material.theme,com/google/android/material/theme/MaterialComponentsViewInflater
ExtendableSavedState,Xamarin.Google.Android.Material.Stateful,com.google.android.material.stateful,com/google/android/material/stateful/ExtendableSavedState
CornerTreatment,Xamarin.Google.Android.Material.Shape,com.google.android.material.shape,com/google/android/material/shape/CornerTreatment
CutCornerTreatment,Xamarin.Google.Android.Material.Shape,com.google.android.material.shape,com/google/android/material/shape/CutCornerTreatment
EdgeTreatment,Xamarin.Google.Android.Material.Shape,com.google.android.material.shape,com/google/android/material/shape/EdgeTreatment
InterpolateOnScrollPositionChangeHelper,Xamarin.Google.Android.Material.Shape,com.google.android.material.shape,com/google/android/material/shape/InterpolateOnScrollPositionChangeHelper
MaterialShapeDrawable,Xamarin.Google.Android.Material.Shape,com.google.android.material.shape,com/google/android/material/shape/MaterialShapeDrawable
RoundedCornerTreatment,Xamarin.Google.Android.Material.Shape,com.google.android.material.shape,com/google/android/material/shape/RoundedCornerTreatment
ShapePath,Xamarin.Google.Android.Material.Shape,com.google.android.material.shape,com/google/android/material/shape/ShapePath
ShapePath.PathArcOperation,Xamarin.Google.Android.Material.Shape,com.google.android.material.shape,com/google/android/material/shape/ShapePath$PathArcOperation
ShapePath.PathLineOperation,Xamarin.Google.Android.Material.Shape,com.google.android.material.shape,com/google/android/material/shape/ShapePath$PathLineOperation
ShapePath.PathOperation,Xamarin.Google.Android.Material.Shape,com.google.android.material.shape,com/google/android/material/shape/ShapePath$PathOperation
ShapePath.PathOperationInvoker,Xamarin.Google.Android.Material.Shape,com.google.android.material.shape,com/google/android/material/shape/ShapePath$PathOperation
ShapePath.PathQuadOperation,Xamarin.Google.Android.Material.Shape,com.google.android.material.shape,com/google/android/material/shape/ShapePath$PathQuadOperation
ShapePathModel,Xamarin.Google.Android.Material.Shape,com.google.android.material.shape,com/google/android/material/shape/ShapePathModel
TriangleEdgeTreatment,Xamarin.Google.Android.Material.Shape,com.google.android.material.shape,com/google/android/material/shape/TriangleEdgeTreatment
IShadowViewDelegate,Xamarin.Google.Android.Material.Shadow,com.google.android.material.shadow,com/google/android/material/shadow/ShadowViewDelegate
IShadowViewDelegateInvoker,Xamarin.Google.Android.Material.Shadow,com.google.android.material.shadow,com/google/android/material/shadow/ShadowViewDelegate
ShadowDrawableWrapper,Xamarin.Google.Android.Material.Shadow,com.google.android.material.shadow,com/google/android/material/shadow/ShadowDrawableWrapper
RippleUtils,Xamarin.Google.Android.Material.Ripple,com.google.android.material.ripple,com/google/android/material/ripple/RippleUtils
MaterialResources,Xamarin.Google.Android.Material.Resources,com.google.android.material.resources,com/google/android/material/resources/MaterialResources
TextAppearance,Xamarin.Google.Android.Material.Resources,com.google.android.material.resources,com/google/android/material/resources/TextAppearance
TextAppearanceConfig,Xamarin.Google.Android.Material.Resources,com.google.android.material.resources,com/google/android/material/resources/TextAppearanceConfig
NavigationView,Xamarin.Google.Android.Material.Navigation,com.google.android.material.navigation,com/google/android/material/navigation/NavigationView
NavigationView.IOnNavigationItemSelectedListener,Xamarin.Google.Android.Material.Navigation,com.google.android.material.navigation,com/google/android/material/navigation/NavigationView$OnNavigationItemSelectedListener
NavigationView.IOnNavigationItemSelectedListenerInvoker,Xamarin.Google.Android.Material.Navigation,com.google.android.material.navigation,com/google/android/material/navigation/NavigationView$OnNavigationItemSelectedListener
NavigationView.IOnNavigationItemSelectedListenerImplementor,Xamarin.Google.Android.Material.Navigation,mono.com.google.android.material.navigation,mono/com/google/android/material/navigation/NavigationView_OnNavigationItemSelectedListenerImplementor
NavigationView.SavedState,Xamarin.Google.Android.Material.Navigation,com.google.android.material.navigation,com/google/android/material/navigation/NavigationView$SavedState
MathUtils,Xamarin.Google.Android.Material.Math,com.google.android.material.math,com/google/android/material/math/MathUtils
FloatingActionButton,Xamarin.Google.Android.Material.FloatingActionButton,com.google.android.material.floatingactionbutton,com/google/android/material/floatingactionbutton/FloatingActionButton
FloatingActionButton.BaseBehavior,Xamarin.Google.Android.Material.FloatingActionButton,com.google.android.material.floatingactionbutton,com/google/android/material/floatingactionbutton/FloatingActionButton$BaseBehavior
FloatingActionButton.Behavior,Xamarin.Google.Android.Material.FloatingActionButton,com.google.android.material.floatingactionbutton,com/google/android/material/floatingactionbutton/FloatingActionButton$Behavior
FloatingActionButton.OnVisibilityChangedListener,Xamarin.Google.Android.Material.FloatingActionButton,com.google.android.material.floatingactionbutton,com/google/android/material/floatingactionbutton/FloatingActionButton$OnVisibilityChangedListener
FloatingActionButton.OnVisibilityChangedListenerInvoker,Xamarin.Google.Android.Material.FloatingActionButton,com.google.android.material.floatingactionbutton,com/google/android/material/floatingactionbutton/FloatingActionButton$OnVisibilityChangedListener
FloatingActionButton.ISize,Xamarin.Google.Android.Material.FloatingActionButton,com.google.android.material.floatingactionbutton,com/google/android/material/floatingactionbutton/FloatingActionButton$Size
FloatingActionButton.ISizeInvoker,Xamarin.Google.Android.Material.FloatingActionButton,com.google.android.material.floatingactionbutton,com/google/android/material/floatingactionbutton/FloatingActionButton$Size
ExpandableWidgetHelper,Xamarin.Google.Android.Material.Expandable,com.google.android.material.expandable,com/google/android/material/expandable/ExpandableWidgetHelper
IExpandableTransformationWidget,Xamarin.Google.Android.Material.Expandable,com.google.android.material.expandable,com/google/android/material/expandable/ExpandableTransformationWidget
IExpandableTransformationWidgetInvoker,Xamarin.Google.Android.Material.Expandable,com.google.android.material.expandable,com/google/android/material/expandable/ExpandableTransformationWidget
IExpandableWidget,Xamarin.Google.Android.Material.Expandable,com.google.android.material.expandable,com/google/android/material/expandable/ExpandableWidget
IExpandableWidgetInvoker,Xamarin.Google.Android.Material.Expandable,com.google.android.material.expandable,com/google/android/material/expandable/ExpandableWidget
DrawableUtils,Xamarin.Google.Android.Material.Drawable,com.google.android.material.drawable,com/google/android/material/drawable/DrawableUtils
Chip,Xamarin.Google.Android.Material.Chip,com.google.android.material.chip,com/google/android/material/chip/Chip
ChipDrawable,Xamarin.Google.Android.Material.Chip,com.google.android.material.chip,com/google/android/material/chip/ChipDrawable
ChipDrawable.IDelegate,Xamarin.Google.Android.Material.Chip,com.google.android.material.chip,com/google/android/material/chip/ChipDrawable$Delegate
ChipDrawable.IDelegateInvoker,Xamarin.Google.Android.Material.Chip,com.google.android.material.chip,com/google/android/material/chip/ChipDrawable$Delegate
ChipGroup,Xamarin.Google.Android.Material.Chip,com.google.android.material.chip,com/google/android/material/chip/ChipGroup
ChipGroup.LayoutParams,Xamarin.Google.Android.Material.Chip,com.google.android.material.chip,com/google/android/material/chip/ChipGroup$LayoutParams
ChipGroup.IOnCheckedChangeListener,Xamarin.Google.Android.Material.Chip,com.google.android.material.chip,com/google/android/material/chip/ChipGroup$OnCheckedChangeListener
ChipGroup.IOnCheckedChangeListenerInvoker,Xamarin.Google.Android.Material.Chip,com.google.android.material.chip,com/google/android/material/chip/ChipGroup$OnCheckedChangeListener
ChipGroup.IOnCheckedChangeListenerImplementor,Xamarin.Google.Android.Material.Chip,mono.com.google.android.material.chip,mono/com/google/android/material/chip/ChipGroup_OnCheckedChangeListenerImplementor
MaterialCardView,Xamarin.Google.Android.Material.Card,com.google.android.material.card,com/google/android/material/card/MaterialCardView
CanvasCompat,Xamarin.Google.Android.Material.Canvas,com.google.android.material.canvas,com/google/android/material/canvas/CanvasCompat
MaterialButton,Xamarin.Google.Android.Material.Button,com.google.android.material.button,com/google/android/material/button/MaterialButton
MaterialButton.IIconGravity,Xamarin.Google.Android.Material.Button,com.google.android.material.button,com/google/android/material/button/MaterialButton$IconGravity
MaterialButton.IIconGravityInvoker,Xamarin.Google.Android.Material.Button,com.google.android.material.button,com/google/android/material/button/MaterialButton$IconGravity
BottomSheetBehavior,Xamarin.Google.Android.Material.BottomSheet,com.google.android.material.bottomsheet,com/google/android/material/bottomsheet/BottomSheetBehavior
BottomSheetBehavior.BottomSheetCallback,Xamarin.Google.Android.Material.BottomSheet,com.google.android.material.bottomsheet,com/google/android/material/bottomsheet/BottomSheetBehavior$BottomSheetCallback
BottomSheetBehavior.BottomSheetCallbackInvoker,Xamarin.Google.Android.Material.BottomSheet,com.google.android.material.bottomsheet,com/google/android/material/bottomsheet/BottomSheetBehavior$BottomSheetCallback
BottomSheetBehavior.SavedState,Xamarin.Google.Android.Material.BottomSheet,com.google.android.material.bottomsheet,com/google/android/material/bottomsheet/BottomSheetBehavior$SavedState
BottomSheetBehavior.IState,Xamarin.Google.Android.Material.BottomSheet,com.google.android.material.bottomsheet,com/google/android/material/bottomsheet/BottomSheetBehavior$State
BottomSheetBehavior.IStateInvoker,Xamarin.Google.Android.Material.BottomSheet,com.google.android.material.bottomsheet,com/google/android/material/bottomsheet/BottomSheetBehavior$State
BottomSheetDialog,Xamarin.Google.Android.Material.BottomSheet,com.google.android.material.bottomsheet,com/google/android/material/bottomsheet/BottomSheetDialog
BottomSheetDialogFragment,Xamarin.Google.Android.Material.BottomSheet,com.google.android.material.bottomsheet,com/google/android/material/bottomsheet/BottomSheetDialogFragment
BottomAppBar,Xamarin.Google.Android.Material.BottomAppBar,com.google.android.material.bottomappbar,com/google/android/material/bottomappbar/BottomAppBar
BottomAppBar.Behavior,Xamarin.Google.Android.Material.BottomAppBar,com.google.android.material.bottomappbar,com/google/android/material/bottomappbar/BottomAppBar$Behavior
BottomAppBar.IFabAlignmentMode,Xamarin.Google.Android.Material.BottomAppBar,com.google.android.material.bottomappbar,com/google/android/material/bottomappbar/BottomAppBar$FabAlignmentMode
BottomAppBar.IFabAlignmentModeInvoker,Xamarin.Google.Android.Material.BottomAppBar,com.google.android.material.bottomappbar,com/google/android/material/bottomappbar/BottomAppBar$FabAlignmentMode
BottomAppBar.SavedState,Xamarin.Google.Android.Material.BottomAppBar,com.google.android.material.bottomappbar,com/google/android/material/bottomappbar/BottomAppBar$SavedState
BottomAppBarTopEdgeTreatment,Xamarin.Google.Android.Material.BottomAppBar,com.google.android.material.bottomappbar,com/google/android/material/bottomappbar/BottomAppBarTopEdgeTreatment
HideBottomViewOnScrollBehavior,Xamarin.Google.Android.Material.Behavior,com.google.android.material.behavior,com/google/android/material/behavior/HideBottomViewOnScrollBehavior
SwipeDismissBehavior,Xamarin.Google.Android.Material.Behavior,com.google.android.material.behavior,com/google/android/material/behavior/SwipeDismissBehavior
SwipeDismissBehavior.IOnDismissListener,Xamarin.Google.Android.Material.Behavior,com.google.android.material.behavior,com/google/android/material/behavior/SwipeDismissBehavior$OnDismissListener
SwipeDismissBehavior.IOnDismissListenerInvoker,Xamarin.Google.Android.Material.Behavior,com.google.android.material.behavior,com/google/android/material/behavior/SwipeDismissBehavior$OnDismissListener
SwipeDismissBehavior.IOnDismissListenerImplementor,Xamarin.Google.Android.Material.Behavior,mono.com.google.android.material.behavior,mono/com/google/android/material/behavior/SwipeDismissBehavior_OnDismissListenerImplementor
AnimationUtils,Xamarin.Google.Android.Material.Animation,com.google.android.material.animation,com/google/android/material/animation/AnimationUtils
AnimatorSetCompat,Xamarin.Google.Android.Material.Animation,com.google.android.material.animation,com/google/android/material/animation/AnimatorSetCompat
ArgbEvaluatorCompat,Xamarin.Google.Android.Material.Animation,com.google.android.material.animation,com/google/android/material/animation/ArgbEvaluatorCompat
ChildrenAlphaProperty,Xamarin.Google.Android.Material.Animation,com.google.android.material.animation,com/google/android/material/animation/ChildrenAlphaProperty
DrawableAlphaProperty,Xamarin.Google.Android.Material.Animation,com.google.android.material.animation,com/google/android/material/animation/DrawableAlphaProperty
ImageMatrixProperty,Xamarin.Google.Android.Material.Animation,com.google.android.material.animation,com/google/android/material/animation/ImageMatrixProperty
MatrixEvaluator,Xamarin.Google.Android.Material.Animation,com.google.android.material.animation,com/google/android/material/animation/MatrixEvaluator
MotionSpec,Xamarin.Google.Android.Material.Animation,com.google.android.material.animation,com/google/android/material/animation/MotionSpec
MotionTiming,Xamarin.Google.Android.Material.Animation,com.google.android.material.animation,com/google/android/material/animation/MotionTiming
Positioning,Xamarin.Google.Android.Material.Animation,com.google.android.material.animation,com/google/android/material/animation/Positioning
CircularRevealWidgetCircularRevealProperty,Xamarin.Google.Android.Material.CircularReveal,com.google.android.material.circularreveal,com/google/android/material/circularreveal/CircularRevealWidget$CircularRevealProperty
CircularRevealWidgetCircularRevealScrimColorProperty,Xamarin.Google.Android.Material.CircularReveal,com.google.android.material.circularreveal,com/google/android/material/circularreveal/CircularRevealWidget$CircularRevealScrimColorProperty
CircularRevealCompat,Xamarin.Google.Android.Material.CircularReveal,com.google.android.material.circularreveal,com/google/android/material/circularreveal/CircularRevealCompat
CircularRevealFrameLayout,Xamarin.Google.Android.Material.CircularReveal,com.google.android.material.circularreveal,com/google/android/material/circularreveal/CircularRevealFrameLayout
CircularRevealGridLayout,Xamarin.Google.Android.Material.CircularReveal,com.google.android.material.circularreveal,com/google/android/material/circularreveal/CircularRevealGridLayout
CircularRevealHelper,Xamarin.Google.Android.Material.CircularReveal,com.google.android.material.circularreveal,com/google/android/material/circularreveal/CircularRevealHelper
CircularRevealHelper.IDelegate,Xamarin.Google.Android.Material.CircularReveal,com.google.android.material.circularreveal,com/google/android/material/circularreveal/CircularRevealHelper$Delegate
CircularRevealHelper.IDelegateInvoker,Xamarin.Google.Android.Material.CircularReveal,com.google.android.material.circularreveal,com/google/android/material/circularreveal/CircularRevealHelper$Delegate
CircularRevealHelper.IStrategy,Xamarin.Google.Android.Material.CircularReveal,com.google.android.material.circularreveal,com/google/android/material/circularreveal/CircularRevealHelper$Strategy
CircularRevealHelper.IStrategyInvoker,Xamarin.Google.Android.Material.CircularReveal,com.google.android.material.circularreveal,com/google/android/material/circularreveal/CircularRevealHelper$Strategy
CircularRevealLinearLayout,Xamarin.Google.Android.Material.CircularReveal,com.google.android.material.circularreveal,com/google/android/material/circularreveal/CircularRevealLinearLayout
CircularRevealRelativeLayout,Xamarin.Google.Android.Material.CircularReveal,com.google.android.material.circularreveal,com/google/android/material/circularreveal/CircularRevealRelativeLayout
CircularRevealWidgetCircularRevealEvaluator,Xamarin.Google.Android.Material.CircularReveal,com.google.android.material.circularreveal,com/google/android/material/circularreveal/CircularRevealWidget$CircularRevealEvaluator
CircularRevealWidgetRevealInfo,Xamarin.Google.Android.Material.CircularReveal,com.google.android.material.circularreveal,com/google/android/material/circularreveal/CircularRevealWidget$RevealInfo
ICircularRevealWidget,Xamarin.Google.Android.Material.CircularReveal,com.google.android.material.circularreveal,com/google/android/material/circularreveal/CircularRevealWidget
ICircularRevealWidgetInvoker,Xamarin.Google.Android.Material.CircularReveal,com.google.android.material.circularreveal,com/google/android/material/circularreveal/CircularRevealWidget
CircularRevealCoordinatorLayout,Xamarin.Google.Android.Material.CircularReveal.CoordinatorLayout,com.google.android.material.circularreveal.coordinatorlayout,com/google/android/material/circularreveal/coordinatorlayout/CircularRevealCoordinatorLayout
CircularRevealCardView,Xamarin.Google.Android.Material.CircularReveal.CardView,com.google.android.material.circularreveal.cardview,com/google/android/material/circularreveal/cardview/CircularRevealCardView
BottomNavigationItemView,Xamarin.Google.Android.Material.BottomNavigation,com.google.android.material.bottomnavigation,com/google/android/material/bottomnavigation/BottomNavigationItemView
BottomNavigationMenu,Xamarin.Google.Android.Material.BottomNavigation,com.google.android.material.bottomnavigation,com/google/android/material/bottomnavigation/BottomNavigationMenu
BottomNavigationMenuView,Xamarin.Google.Android.Material.BottomNavigation,com.google.android.material.bottomnavigation,com/google/android/material/bottomnavigation/BottomNavigationMenuView
BottomNavigationPresenter,Xamarin.Google.Android.Material.BottomNavigation,com.google.android.material.bottomnavigation,com/google/android/material/bottomnavigation/BottomNavigationPresenter
BottomNavigationPresenter.SavedState,Xamarin.Google.Android.Material.BottomNavigation,com.google.android.material.bottomnavigation,com/google/android/material/bottomnavigation/BottomNavigationPresenter$SavedState
BottomNavigationView,Xamarin.Google.Android.Material.BottomNavigation,com.google.android.material.bottomnavigation,com/google/android/material/bottomnavigation/BottomNavigationView
BottomNavigationView.IOnNavigationItemReselectedListener,Xamarin.Google.Android.Material.BottomNavigation,com.google.android.material.bottomnavigation,com/google/android/material/bottomnavigation/BottomNavigationView$OnNavigationItemReselectedListener
BottomNavigationView.IOnNavigationItemReselectedListenerInvoker,Xamarin.Google.Android.Material.BottomNavigation,com.google.android.material.bottomnavigation,com/google/android/material/bottomnavigation/BottomNavigationView$OnNavigationItemReselectedListener
BottomNavigationView.IOnNavigationItemReselectedListenerImplementor,Xamarin.Google.Android.Material.BottomNavigation,mono.com.google.android.material.bottomnavigation,mono/com/google/android/material/bottomnavigation/BottomNavigationView_OnNavigationItemReselectedListenerImplementor
BottomNavigationView.IOnNavigationItemSelectedListener,Xamarin.Google.Android.Material.BottomNavigation,com.google.android.material.bottomnavigation,com/google/android/material/bottomnavigation/BottomNavigationView$OnNavigationItemSelectedListener
BottomNavigationView.IOnNavigationItemSelectedListenerInvoker,Xamarin.Google.Android.Material.BottomNavigation,com.google.android.material.bottomnavigation,com/google/android/material/bottomnavigation/BottomNavigationView$OnNavigationItemSelectedListener
BottomNavigationView.IOnNavigationItemSelectedListenerImplementor,Xamarin.Google.Android.Material.BottomNavigation,mono.com.google.android.material.bottomnavigation,mono/com/google/android/material/bottomnavigation/BottomNavigationView_OnNavigationItemSelectedListenerImplementor
BottomNavigationView.SavedState,Xamarin.Google.Android.Material.BottomNavigation,com.google.android.material.bottomnavigation,com/google/android/material/bottomnavigation/BottomNavigationView$SavedState
LabelVisibilityMode,Xamarin.Google.Android.Material.BottomNavigation,com.google.android.material.bottomnavigation,com/google/android/material/bottomnavigation/LabelVisibilityMode
LabelVisibilityModeConsts,Xamarin.Google.Android.Material.BottomNavigation,com.google.android.material.bottomnavigation,com/google/android/material/bottomnavigation/LabelVisibilityMode
ILabelVisibilityMode,Xamarin.Google.Android.Material.BottomNavigation,com.google.android.material.bottomnavigation,com/google/android/material/bottomnavigation/LabelVisibilityMode
ILabelVisibilityModeInvoker,Xamarin.Google.Android.Material.BottomNavigation,com.google.android.material.bottomnavigation,com/google/android/material/bottomnavigation/LabelVisibilityMode
TextInputLayout,Xamarin.Google.Android.Material.TextField,com.google.android.material.textfield,com/google/android/material/textfield/TextInputLayout
TextInputLayout.AccessibilityDelegate,Xamarin.Google.Android.Material.TextField,com.google.android.material.textfield,com/google/android/material/textfield/TextInputLayout$AccessibilityDelegate
TextInputLayout.IBoxBackgroundMode,Xamarin.Google.Android.Material.TextField,com.google.android.material.textfield,com/google/android/material/textfield/TextInputLayout$BoxBackgroundMode
TextInputLayout.IBoxBackgroundModeInvoker,Xamarin.Google.Android.Material.TextField,com.google.android.material.textfield,com/google/android/material/textfield/TextInputLayout$BoxBackgroundMode
TextInputLayout.SavedState,Xamarin.Google.Android.Material.TextField,com.google.android.material.textfield,com/google/android/material/textfield/TextInputLayout$SavedState
TextInputEditText,Xamarin.Google.Android.Material.TextField,com.google.android.material.textfield,com/google/android/material/textfield/TextInputEditText
TabLayout,Xamarin.Google.Android.Material.Tabs,com.google.android.material.tabs,com/google/android/material/tabs/TabLayout
TabLayout.TabView,Xamarin.Google.Android.Material.Tabs,com.google.android.material.tabs,com/google/android/material/tabs/TabLayout$TabView
TabLayout.IMode,Xamarin.Google.Android.Material.Tabs,com.google.android.material.tabs,com/google/android/material/tabs/TabLayout$Mode
TabLayout.IModeInvoker,Xamarin.Google.Android.Material.Tabs,com.google.android.material.tabs,com/google/android/material/tabs/TabLayout$Mode
TabLayout.Tab,Xamarin.Google.Android.Material.Tabs,com.google.android.material.tabs,com/google/android/material/tabs/TabLayout$Tab
TabLayout.ITabGravity,Xamarin.Google.Android.Material.Tabs,com.google.android.material.tabs,com/google/android/material/tabs/TabLayout$TabGravity
TabLayout.ITabGravityInvoker,Xamarin.Google.Android.Material.Tabs,com.google.android.material.tabs,com/google/android/material/tabs/TabLayout$TabGravity
TabLayout.ITabIndicatorGravity,Xamarin.Google.Android.Material.Tabs,com.google.android.material.tabs,com/google/android/material/tabs/TabLayout$TabIndicatorGravity
TabLayout.ITabIndicatorGravityInvoker,Xamarin.Google.Android.Material.Tabs,com.google.android.material.tabs,com/google/android/material/tabs/TabLayout$TabIndicatorGravity
TabLayout.TabLayoutOnPageChangeListener,Xamarin.Google.Android.Material.Tabs,com.google.android.material.tabs,com/google/android/material/tabs/TabLayout$TabLayoutOnPageChangeListener
TabLayout.ViewPagerOnTabSelectedListener,Xamarin.Google.Android.Material.Tabs,com.google.android.material.tabs,com/google/android/material/tabs/TabLayout$ViewPagerOnTabSelectedListener
TabItem,Xamarin.Google.Android.Material.Tabs,com.google.android.material.tabs,com/google/android/material/tabs/TabItem
VisibilityAwareImageButton,Xamarin.Google.Android.Material.Internal,com.google.android.material.internal,com/google/android/material/internal/VisibilityAwareImageButton
NavigationMenuItemView,Xamarin.Google.Android.Material.Internal,com.google.android.material.internal,com/google/android/material/internal/NavigationMenuItemView
BaselineLayout,Xamarin.Google.Android.Material.Internal,com.google.android.material.internal,com/google/android/material/internal/BaselineLayout
CheckableImageButton,Xamarin.Google.Android.Material.Internal,com.google.android.material.internal,com/google/android/material/internal/CheckableImageButton
CircularBorderDrawable,Xamarin.Google.Android.Material.Internal,com.google.android.material.internal,com/google/android/material/internal/CircularBorderDrawable
CollapsingTextHelper,Xamarin.Google.Android.Material.Internal,com.google.android.material.internal,com/google/android/material/internal/CollapsingTextHelper
DescendantOffsetUtils,Xamarin.Google.Android.Material.Internal,com.google.android.material.internal,com/google/android/material/internal/DescendantOffsetUtils
DrawableUtils,Xamarin.Google.Android.Material.Internal,com.google.android.material.internal,com/google/android/material/internal/DrawableUtils
FlowLayout,Xamarin.Google.Android.Material.Internal,com.google.android.material.internal,com/google/android/material/internal/FlowLayout
ForegroundLinearLayout,Xamarin.Google.Android.Material.Internal,com.google.android.material.internal,com/google/android/material/internal/ForegroundLinearLayout
IExperimental,Xamarin.Google.Android.Material.Internal,com.google.android.material.internal,com/google/android/material/internal/Experimental
IExperimentalInvoker,Xamarin.Google.Android.Material.Internal,com.google.android.material.internal,com/google/android/material/internal/Experimental
NavigationMenu,Xamarin.Google.Android.Material.Internal,com.google.android.material.internal,com/google/android/material/internal/NavigationMenu
NavigationMenuPresenter,Xamarin.Google.Android.Material.Internal,com.google.android.material.internal,com/google/android/material/internal/NavigationMenuPresenter
NavigationMenuView,Xamarin.Google.Android.Material.Internal,com.google.android.material.internal,com/google/android/material/internal/NavigationMenuView
NavigationSubMenu,Xamarin.Google.Android.Material.Internal,com.google.android.material.internal,com/google/android/material/internal/NavigationSubMenu
ParcelableSparseArray,Xamarin.Google.Android.Material.Internal,com.google.android.material.internal,com/google/android/material/internal/ParcelableSparseArray
ScrimInsetsFrameLayout,Xamarin.Google.Android.Material.Internal,com.google.android.material.internal,com/google/android/material/internal/ScrimInsetsFrameLayout
StateListAnimator,Xamarin.Google.Android.Material.Internal,com.google.android.material.internal,com/google/android/material/internal/StateListAnimator
StateListAnimator.Tuple,Xamarin.Google.Android.Material.Internal,com.google.android.material.internal,com/google/android/material/internal/StateListAnimator$Tuple
TextScale,Xamarin.Google.Android.Material.Internal,com.google.android.material.internal,com/google/android/material/internal/TextScale
ThemeEnforcement,Xamarin.Google.Android.Material.Internal,com.google.android.material.internal,com/google/android/material/internal/ThemeEnforcement
ViewUtils,Xamarin.Google.Android.Material.Internal,com.google.android.material.internal,com/google/android/material/internal/ViewUtils
Snackbar,Xamarin.Google.Android.Material.Snackbar,com.google.android.material.snackbar,com/google/android/material/snackbar/Snackbar
Snackbar.Callback,Xamarin.Google.Android.Material.Snackbar,com.google.android.material.snackbar,com/google/android/material/snackbar/Snackbar$Callback
Snackbar.IDuration,Xamarin.Google.Android.Material.Snackbar,com.google.android.material.snackbar,com/google/android/material/snackbar/Snackbar$Duration
Snackbar.IDurationInvoker,Xamarin.Google.Android.Material.Snackbar,com.google.android.material.snackbar,com/google/android/material/snackbar/Snackbar$Duration
Snackbar.SnackbarLayout,Xamarin.Google.Android.Material.Snackbar,com.google.android.material.snackbar,com/google/android/material/snackbar/Snackbar$SnackbarLayout
BaseTransientBottomBar,Xamarin.Google.Android.Material.Snackbar,com.google.android.material.snackbar,com/google/android/material/snackbar/BaseTransientBottomBar
BaseTransientBottomBar.BaseCallback,Xamarin.Google.Android.Material.Snackbar,com.google.android.material.snackbar,com/google/android/material/snackbar/BaseTransientBottomBar$BaseCallback
BaseTransientBottomBar.BaseCallback.IDismissEvent,Xamarin.Google.Android.Material.Snackbar,com.google.android.material.snackbar,com/google/android/material/snackbar/BaseTransientBottomBar$BaseCallback$DismissEvent
BaseTransientBottomBar.BaseCallback.IDismissEventInvoker,Xamarin.Google.Android.Material.Snackbar,com.google.android.material.snackbar,com/google/android/material/snackbar/BaseTransientBottomBar$BaseCallback$DismissEvent
BaseTransientBottomBar.BaseCallbackInvoker,Xamarin.Google.Android.Material.Snackbar,com.google.android.material.snackbar,com/google/android/material/snackbar/BaseTransientBottomBar$BaseCallback
BaseTransientBottomBar.Behavior,Xamarin.Google.Android.Material.Snackbar,com.google.android.material.snackbar,com/google/android/material/snackbar/BaseTransientBottomBar$Behavior
BaseTransientBottomBar.BehaviorDelegate,Xamarin.Google.Android.Material.Snackbar,com.google.android.material.snackbar,com/google/android/material/snackbar/BaseTransientBottomBar$BehaviorDelegate
BaseTransientBottomBar.IContentViewCallback,Xamarin.Google.Android.Material.Snackbar,com.google.android.material.snackbar,com/google/android/material/snackbar/BaseTransientBottomBar$ContentViewCallback
BaseTransientBottomBar.IContentViewCallbackInvoker,Xamarin.Google.Android.Material.Snackbar,com.google.android.material.snackbar,com/google/android/material/snackbar/BaseTransientBottomBar$ContentViewCallback
BaseTransientBottomBar.IDuration,Xamarin.Google.Android.Material.Snackbar,com.google.android.material.snackbar,com/google/android/material/snackbar/BaseTransientBottomBar$Duration
BaseTransientBottomBar.IDurationInvoker,Xamarin.Google.Android.Material.Snackbar,com.google.android.material.snackbar,com/google/android/material/snackbar/BaseTransientBottomBar$Duration
BaseTransientBottomBar.IOnAttachStateChangeListener,Xamarin.Google.Android.Material.Snackbar,com.google.android.material.snackbar,com/google/android/material/snackbar/BaseTransientBottomBar$OnAttachStateChangeListener
BaseTransientBottomBar.IOnAttachStateChangeListenerInvoker,Xamarin.Google.Android.Material.Snackbar,com.google.android.material.snackbar,com/google/android/material/snackbar/BaseTransientBottomBar$OnAttachStateChangeListener
BaseTransientBottomBar.IOnAttachStateChangeListenerImplementor,Xamarin.Google.Android.Material.Snackbar,mono.com.google.android.material.snackbar,mono/com/google/android/material/snackbar/BaseTransientBottomBar_OnAttachStateChangeListenerImplementor
BaseTransientBottomBar.IOnLayoutChangeListener,Xamarin.Google.Android.Material.Snackbar,com.google.android.material.snackbar,com/google/android/material/snackbar/BaseTransientBottomBar$OnLayoutChangeListener
BaseTransientBottomBar.IOnLayoutChangeListenerInvoker,Xamarin.Google.Android.Material.Snackbar,com.google.android.material.snackbar,com/google/android/material/snackbar/BaseTransientBottomBar$OnLayoutChangeListener
BaseTransientBottomBar.IOnLayoutChangeListenerImplementor,Xamarin.Google.Android.Material.Snackbar,mono.com.google.android.material.snackbar,mono/com/google/android/material/snackbar/BaseTransientBottomBar_OnLayoutChangeListenerImplementor
BaseTransientBottomBar.SnackbarBaseLayout,Xamarin.Google.Android.Material.Snackbar,com.google.android.material.snackbar,com/google/android/material/snackbar/BaseTransientBottomBar$SnackbarBaseLayout
BaseTransientBottomBarInvoker,Xamarin.Google.Android.Material.Snackbar,com.google.android.material.snackbar,com/google/android/material/snackbar/BaseTransientBottomBar
IContentViewCallback,Xamarin.Google.Android.Material.Snackbar,com.google.android.material.snackbar,com/google/android/material/snackbar/ContentViewCallback
IContentViewCallbackInvoker,Xamarin.Google.Android.Material.Snackbar,com.google.android.material.snackbar,com/google/android/material/snackbar/ContentViewCallback
SnackbarContentLayout,Xamarin.Google.Android.Material.Snackbar,com.google.android.material.snackbar,com/google/android/material/snackbar/SnackbarContentLayout
CollapsingToolbarLayout,Xamarin.Google.Android.Material.AppBar,com.google.android.material.appbar,com/google/android/material/appbar/CollapsingToolbarLayout
CollapsingToolbarLayout.LayoutParams,Xamarin.Google.Android.Material.AppBar,com.google.android.material.appbar,com/google/android/material/appbar/CollapsingToolbarLayout$LayoutParams
AppBarLayout,Xamarin.Google.Android.Material.AppBar,com.google.android.material.appbar,com/google/android/material/appbar/AppBarLayout
AppBarLayout.BaseBehavior,Xamarin.Google.Android.Material.AppBar,com.google.android.material.appbar,com/google/android/material/appbar/AppBarLayout$BaseBehavior
AppBarLayout.BaseBehavior.BaseDragCallback,Xamarin.Google.Android.Material.AppBar,com.google.android.material.appbar,com/google/android/material/appbar/AppBarLayout$BaseBehavior$BaseDragCallback
AppBarLayout.BaseBehavior.BaseDragCallbackInvoker,Xamarin.Google.Android.Material.AppBar,com.google.android.material.appbar,com/google/android/material/appbar/AppBarLayout$BaseBehavior$BaseDragCallback
AppBarLayout.BaseBehavior.SavedState,Xamarin.Google.Android.Material.AppBar,com.google.android.material.appbar,com/google/android/material/appbar/AppBarLayout$BaseBehavior$SavedState
AppBarLayout.IBaseOnOffsetChangedListener,Xamarin.Google.Android.Material.AppBar,com.google.android.material.appbar,com/google/android/material/appbar/AppBarLayout$BaseOnOffsetChangedListener
AppBarLayout.IBaseOnOffsetChangedListenerInvoker,Xamarin.Google.Android.Material.AppBar,com.google.android.material.appbar,com/google/android/material/appbar/AppBarLayout$BaseOnOffsetChangedListener
AppBarLayout.IBaseOnOffsetChangedListenerImplementor,Xamarin.Google.Android.Material.AppBar,mono.com.google.android.material.appbar,mono/com/google/android/material/appbar/AppBarLayout_BaseOnOffsetChangedListenerImplementor
AppBarLayout.Behavior,Xamarin.Google.Android.Material.AppBar,com.google.android.material.appbar,com/google/android/material/appbar/AppBarLayout$Behavior
AppBarLayout.Behavior.DragCallback,Xamarin.Google.Android.Material.AppBar,com.google.android.material.appbar,com/google/android/material/appbar/AppBarLayout$Behavior$DragCallback
AppBarLayout.Behavior.DragCallbackInvoker,Xamarin.Google.Android.Material.AppBar,com.google.android.material.appbar,com/google/android/material/appbar/AppBarLayout$Behavior$DragCallback
AppBarLayout.LayoutParams,Xamarin.Google.Android.Material.AppBar,com.google.android.material.appbar,com/google/android/material/appbar/AppBarLayout$LayoutParams
AppBarLayout.LayoutParams.IScrollFlags,Xamarin.Google.Android.Material.AppBar,com.google.android.material.appbar,com/google/android/material/appbar/AppBarLayout$LayoutParams$ScrollFlags
AppBarLayout.LayoutParams.IScrollFlagsInvoker,Xamarin.Google.Android.Material.AppBar,com.google.android.material.appbar,com/google/android/material/appbar/AppBarLayout$LayoutParams$ScrollFlags
AppBarLayout.IOnOffsetChangedListener,Xamarin.Google.Android.Material.AppBar,com.google.android.material.appbar,com/google/android/material/appbar/AppBarLayout$OnOffsetChangedListener
AppBarLayout.IOnOffsetChangedListenerInvoker,Xamarin.Google.Android.Material.AppBar,com.google.android.material.appbar,com/google/android/material/appbar/AppBarLayout$OnOffsetChangedListener
AppBarLayout.ScrollingViewBehavior,Xamarin.Google.Android.Material.AppBar,com.google.android.material.appbar,com/google/android/material/appbar/AppBarLayout$ScrollingViewBehavior
HeaderBehavior,Xamarin.Google.Android.Material.AppBar,com.google.android.material.appbar,com/google/android/material/appbar/HeaderBehavior
HeaderBehaviorInvoker,Xamarin.Google.Android.Material.AppBar,com.google.android.material.appbar,com/google/android/material/appbar/HeaderBehavior
ViewOffsetBehavior,Xamarin.Google.Android.Material.AppBar,com.google.android.material.appbar,com/google/android/material/appbar/ViewOffsetBehavior
