EmptyActivityLifecycleCallbacks,android.arch.lifecycle.EmptyActivityLifecycleCallbacks,androidx.lifecycle.EmptyActivityLifecycleCallbacks,,,android.arch.lifecycle,androidx.lifecycle,,
Barrier,android.support.constraint.Barrier,androidx.constraintlayout.widget.Barrier,,,android.support.constraint,androidx.constraintlayout.widget,,
ConstraintHelper,android.support.constraint.ConstraintHelper,androidx.constraintlayout.widget.ConstraintHelper,,,android.support.constraint,androidx.constraintlayout.widget,,
ConstraintLayout,android.support.constraint.ConstraintLayout,androidx.constraintlayout.widget.ConstraintLayout,,,android.support.constraint,androidx.constraintlayout.widget,,
Constraints,android.support.constraint.Constraints,androidx.constraintlayout.widget.Constraints,,,android.support.constraint,androidx.constraintlayout.widget,,
ConstraintSet,android.support.constraint.ConstraintSet,androidx.constraintlayout.widget.ConstraintSet,,,android.support.constraint,androidx.constraintlayout.widget,,
Group,android.support.constraint.Group,androidx.constraintlayout.widget.Group,,,android.support.constraint,androidx.constraintlayout.widget,,
Guideline,android.support.constraint.Guideline,androidx.constraintlayout.widget.Guideline,,,android.support.constraint,androidx.constraintlayout.widget,,
Placeholder,android.support.constraint.Placeholder,androidx.constraintlayout.widget.Placeholder,,,android.support.constraint,androidx.constraintlayout.widget,,
ArrayLinkedVariables,android.support.constraint.solver.ArrayLinkedVariables,androidx.constraintlayout.solver.ArrayLinkedVariables,,,android.support.constraint.solver,androidx.constraintlayout.solver,,
ArrayRow,android.support.constraint.solver.ArrayRow,androidx.constraintlayout.solver.ArrayRow,,,android.support.constraint.solver,androidx.constraintlayout.solver,,
Cache,android.support.constraint.solver.Cache,androidx.constraintlayout.solver.Cache,,,android.support.constraint.solver,androidx.constraintlayout.solver,,
GoalRow,android.support.constraint.solver.GoalRow,androidx.constraintlayout.solver.GoalRow,,,android.support.constraint.solver,androidx.constraintlayout.solver,,
LinearSystem,android.support.constraint.solver.LinearSystem,androidx.constraintlayout.solver.LinearSystem,,,android.support.constraint.solver,androidx.constraintlayout.solver,,
Metrics,android.support.constraint.solver.Metrics,androidx.constraintlayout.solver.Metrics,,,android.support.constraint.solver,androidx.constraintlayout.solver,,
SolverVariable,android.support.constraint.solver.SolverVariable,androidx.constraintlayout.solver.SolverVariable,,,android.support.constraint.solver,androidx.constraintlayout.solver,,
Analyzer,android.support.constraint.solver.widgets.Analyzer,androidx.constraintlayout.solver.widgets.Analyzer,,,android.support.constraint.solver.widgets,androidx.constraintlayout.solver.widgets,,
Barrier,android.support.constraint.solver.widgets.Barrier,androidx.constraintlayout.solver.widgets.Barrier,,,android.support.constraint.solver.widgets,androidx.constraintlayout.solver.widgets,,
ChainHead,android.support.constraint.solver.widgets.ChainHead,androidx.constraintlayout.solver.widgets.ChainHead,,,android.support.constraint.solver.widgets,androidx.constraintlayout.solver.widgets,,
ConstraintAnchor,android.support.constraint.solver.widgets.ConstraintAnchor,androidx.constraintlayout.solver.widgets.ConstraintAnchor,,,android.support.constraint.solver.widgets,androidx.constraintlayout.solver.widgets,,
ConstraintHorizontalLayout,android.support.constraint.solver.widgets.ConstraintHorizontalLayout,androidx.constraintlayout.solver.widgets.ConstraintHorizontalLayout,,,android.support.constraint.solver.widgets,androidx.constraintlayout.solver.widgets,,
ConstraintTableLayout,android.support.constraint.solver.widgets.ConstraintTableLayout,androidx.constraintlayout.solver.widgets.ConstraintTableLayout,,,android.support.constraint.solver.widgets,androidx.constraintlayout.solver.widgets,,
ConstraintWidget,android.support.constraint.solver.widgets.ConstraintWidget,androidx.constraintlayout.solver.widgets.ConstraintWidget,,,android.support.constraint.solver.widgets,androidx.constraintlayout.solver.widgets,,
ConstraintWidgetContainer,android.support.constraint.solver.widgets.ConstraintWidgetContainer,androidx.constraintlayout.solver.widgets.ConstraintWidgetContainer,,,android.support.constraint.solver.widgets,androidx.constraintlayout.solver.widgets,,
ConstraintWidgetGroup,android.support.constraint.solver.widgets.ConstraintWidgetGroup,androidx.constraintlayout.solver.widgets.ConstraintWidgetGroup,,,android.support.constraint.solver.widgets,androidx.constraintlayout.solver.widgets,,
Guideline,android.support.constraint.solver.widgets.Guideline,androidx.constraintlayout.solver.widgets.Guideline,,,android.support.constraint.solver.widgets,androidx.constraintlayout.solver.widgets,,
Helper,android.support.constraint.solver.widgets.Helper,androidx.constraintlayout.solver.widgets.Helper,,,android.support.constraint.solver.widgets,androidx.constraintlayout.solver.widgets,,
Optimizer,android.support.constraint.solver.widgets.Optimizer,androidx.constraintlayout.solver.widgets.Optimizer,,,android.support.constraint.solver.widgets,androidx.constraintlayout.solver.widgets,,
Rectangle,android.support.constraint.solver.widgets.Rectangle,androidx.constraintlayout.solver.widgets.Rectangle,,,android.support.constraint.solver.widgets,androidx.constraintlayout.solver.widgets,,
ResolutionAnchor,android.support.constraint.solver.widgets.ResolutionAnchor,androidx.constraintlayout.solver.widgets.ResolutionAnchor,,,android.support.constraint.solver.widgets,androidx.constraintlayout.solver.widgets,,
ResolutionDimension,android.support.constraint.solver.widgets.ResolutionDimension,androidx.constraintlayout.solver.widgets.ResolutionDimension,,,android.support.constraint.solver.widgets,androidx.constraintlayout.solver.widgets,,
ResolutionNode,android.support.constraint.solver.widgets.ResolutionNode,androidx.constraintlayout.solver.widgets.ResolutionNode,,,android.support.constraint.solver.widgets,androidx.constraintlayout.solver.widgets,,
Snapshot,android.support.constraint.solver.widgets.Snapshot,androidx.constraintlayout.solver.widgets.Snapshot,,,android.support.constraint.solver.widgets,androidx.constraintlayout.solver.widgets,,
WidgetContainer,android.support.constraint.solver.widgets.WidgetContainer,androidx.constraintlayout.solver.widgets.WidgetContainer,,,android.support.constraint.solver.widgets,androidx.constraintlayout.solver.widgets,,
ContentPager,android.support.content.ContentPager,androidx.contentpager.content.ContentPager,,,android.support.content,androidx.contentpager.content,,
LoaderQueryRunner,android.support.content.LoaderQueryRunner,androidx.contentpager.content.LoaderQueryRunner,,,android.support.content,androidx.contentpager.content,,
Query,android.support.content.Query,androidx.contentpager.content.Query,,,android.support.content,androidx.contentpager.content,,
NavigationMenuPresenter,android.support.design.internal.NavigationMenuPresenter,com.google.android.material.internal.NavigationMenuPresenter,,,android.support.design.internal,com.google.android.material.internal,,
